$Date,$Time,PIC101SP,PT101,PIC101OUT,PIC101P_GS,PIC101I_GS
05/23/22,02:53:41,0,1.641,39.99268,140,3
05/23/22,02:53:42,0,1.641,39.99268,140,3
05/23/22,02:53:43,0,1.642,39.99268,140,3
05/23/22,02:53:44,0,1.642,39.99268,140,3
05/23/22,02:53:45,0,1.642,39.99268,140,3
05/23/22,02:53:46,0,1.642,39.99268,140,3
05/23/22,02:53:47,0,1.642,39.99268,140,3
05/23/22,02:53:48,0,1.642,39.99268,140,3
05/23/22,02:53:49,0,1.643,39.99268,140,3
05/23/22,02:53:50,0,1.643,39.99268,140,3
05/23/22,02:53:51,0,1.643,39.99268,140,3
05/23/22,02:53:52,0,1.643,39.99268,140,3
05/23/22,02:53:53,0,1.643,39.99268,140,3
05/23/22,02:53:54,0,1.643,39.99268,140,3
05/23/22,02:53:55,0,1.643,39.99268,140,3
05/23/22,02:53:56,0,1.643,39.99268,140,3
05/23/22,02:53:57,0,1.643,39.99268,140,3
05/23/22,02:53:58,0,1.643,39.99268,140,3
05/23/22,02:53:59,0,1.644,39.99268,140,3
05/23/22,02:54:00,0,1.644,60.00122,140,3
05/23/22,02:54:01,0,1.644,60.00122,140,3
05/23/22,02:54:02,0,1.641,60.00122,140,3
05/23/22,02:54:03,0,1.628,60.00122,140,3
05/23/22,02:54:04,0,1.617,60.00122,140,3
05/23/22,02:54:05,0,1.606,60.00122,140,3
05/23/22,02:54:06,0,1.597,60.00122,140,3
05/23/22,02:54:07,0,1.588,60.00122,140,3
05/23/22,02:54:08,0,1.579,60.00122,140,3
05/23/22,02:54:09,0,1.571,60.00122,140,3
05/23/22,02:54:10,0,1.563,60.00122,140,3
05/23/22,02:54:11,0,1.556,60.00122,140,3
05/23/22,02:54:12,0,1.549,60.00122,140,3
05/23/22,02:54:13,0,1.543,60.00122,140,3
05/23/22,02:54:14,0,1.538,60.00122,140,3
05/23/22,02:54:15,0,1.532,60.00122,140,3
05/23/22,02:54:16,0,1.527,60.00122,140,3
05/23/22,02:54:17,0,1.523,60.00122,140,3
05/23/22,02:54:18,0,1.518,60.00122,140,3
05/23/22,02:54:19,0,1.515,60.00122,140,3
05/23/22,02:54:20,0,1.512,60.00122,140,3
05/23/22,02:54:21,0,1.508,60.00122,140,3
05/23/22,02:54:22,0,1.505,60.00122,140,3
05/23/22,02:54:23,0,1.502,60.00122,140,3
05/23/22,02:54:24,0,1.5,60.00122,140,3
05/23/22,02:54:25,0,1.498,60.00122,140,3
05/23/22,02:54:26,0,1.496,60.00122,140,3
05/23/22,02:54:27,0,1.494,60.00122,140,3
05/23/22,02:54:28,0,1.492,60.00122,140,3
05/23/22,02:54:29,0,1.49,60.00122,140,3
05/23/22,02:54:30,0,1.488,60.00122,140,3
05/23/22,02:54:31,0,1.486,60.00122,140,3
05/23/22,02:54:32,0,1.485,60.00122,140,3
05/23/22,02:54:33,0,1.484,60.00122,140,3
05/23/22,02:54:34,0,1.482,60.00122,140,3
05/23/22,02:54:35,0,1.481,60.00122,140,3
05/23/22,02:54:36,0,1.48,60.00122,140,3
05/23/22,02:54:37,0,1.479,60.00122,140,3
05/23/22,02:54:38,0,1.478,60.00122,140,3
05/23/22,02:54:39,0,1.476,60.00122,140,3
05/23/22,02:54:40,0,1.475,60.00122,140,3
05/23/22,02:54:41,0,1.474,60.00122,140,3
05/23/22,02:54:42,0,1.474,60.00122,140,3
05/23/22,02:54:43,0,1.472,60.00122,140,3
05/23/22,02:54:44,0,1.472,60.00122,140,3
05/23/22,02:54:45,0,1.47,60.00122,140,3
05/23/22,02:54:46,0,1.47,60.00122,140,3
05/23/22,02:54:47,0,1.469,60.00122,140,3
05/23/22,02:54:48,0,1.469,60.00122,140,3
05/23/22,02:54:49,0,1.468,60.00122,140,3
05/23/22,02:54:50,0,1.467,60.00122,140,3
05/23/22,02:54:51,0,1.466,60.00122,140,3
05/23/22,02:54:52,0,1.466,60.00122,140,3
05/23/22,02:54:53,0,1.466,60.00122,140,3
05/23/22,02:54:54,0,1.465,60.00122,140,3
05/23/22,02:54:55,0,1.465,60.00122,140,3
05/23/22,02:54:56,0,1.464,60.00122,140,3
05/23/22,02:54:57,0,1.464,60.00122,140,3
05/23/22,02:54:58,0,1.464,60.00122,140,3
05/23/22,02:54:59,0,1.463,60.00122,140,3
05/23/22,02:55:00,0,1.463,60.00122,140,3
05/23/22,02:55:01,0,1.462,60.00122,140,3
05/23/22,02:55:02,0,1.463,60.00122,140,3
05/23/22,02:55:03,0,1.463,60.00122,140,3
05/23/22,02:55:04,0,1.462,60.00122,140,3
05/23/22,02:55:05,0,1.461,60.00122,140,3
05/23/22,02:55:06,0,1.461,60.00122,140,3
05/23/22,02:55:07,0,1.461,60.00122,140,3
05/23/22,02:55:08,0,1.461,60.00122,140,3
05/23/22,02:55:09,0,1.461,60.00122,140,3
05/23/22,02:55:10,0,1.46,60.00122,140,3
05/23/22,02:55:11,0,1.46,60.00122,140,3
05/23/22,02:55:12,0,1.46,60.00122,140,3
05/23/22,02:55:13,0,1.46,60.00122,140,3
05/23/22,02:55:14,0,1.46,60.00122,140,3
05/23/22,02:55:15,0,1.46,60.00122,140,3
05/23/22,02:55:16,0,1.459,60.00122,140,3
05/23/22,02:55:17,0,1.459,60.00122,140,3
05/23/22,02:55:18,0,1.459,60.00122,140,3
05/23/22,02:55:19,0,1.459,60.00122,140,3
05/23/22,02:55:20,0,1.459,60.00122,140,3
05/23/22,02:55:21,0,1.459,60.00122,140,3
05/23/22,02:55:22,0,1.458,60.00122,140,3
05/23/22,02:55:23,0,1.458,60.00122,140,3
05/23/22,02:55:24,0,1.458,60.00122,140,3
05/23/22,02:55:25,0,1.458,60.00122,140,3
05/23/22,02:55:26,0,1.458,60.00122,140,3
05/23/22,02:55:27,0,1.458,60.00122,140,3
05/23/22,02:55:28,0,1.457,60.00122,140,3
05/23/22,02:55:29,0,1.456,60.00122,140,3
05/23/22,02:55:30,0,1.457,60.00122,140,3
05/23/22,02:55:31,0,1.456,60.00122,140,3
05/23/22,02:55:32,0,1.456,60.00122,140,3
05/23/22,02:55:33,0,1.456,60.00122,140,3
05/23/22,02:55:34,0,1.455,60.00122,140,3
05/23/22,02:55:35,0,1.455,60.00122,140,3
05/23/22,02:55:36,0,1.455,60.00122,140,3
05/23/22,02:55:37,0,1.454,60.00122,140,3
05/23/22,02:55:38,0,1.454,60.00122,140,3
05/23/22,02:55:39,0,1.454,60.00122,140,3
05/23/22,02:55:40,0,1.454,60.00122,140,3
05/23/22,02:55:41,0,1.453,60.00122,140,3
05/23/22,02:55:42,0,1.453,60.00122,140,3
05/23/22,02:55:43,0,1.453,60.00122,140,3
05/23/22,02:55:44,0,1.453,60.00122,140,3
05/23/22,02:55:45,0,1.452,60.00122,140,3
05/23/22,02:55:46,0,1.452,60.00122,140,3
05/23/22,02:55:47,0,1.452,60.00122,140,3
05/23/22,02:55:48,0,1.451,60.00122,140,3
05/23/22,02:55:49,0,1.451,60.00122,140,3
05/23/22,02:55:50,0,1.45,60.00122,140,3
05/23/22,02:55:51,0,1.451,60.00122,140,3
05/23/22,02:55:52,0,1.45,60.00122,140,3
05/23/22,02:55:53,0,1.45,60.00122,140,3
05/23/22,02:55:54,0,1.45,60.00122,140,3
05/23/22,02:55:55,0,1.449,60.00122,140,3
05/23/22,02:55:56,0,1.449,60.00122,140,3
05/23/22,02:55:57,0,1.449,60.00122,140,3
05/23/22,02:55:58,0,1.448,60.00122,140,3
05/23/22,02:55:59,0,1.448,60.00122,140,3
05/23/22,02:56:00,0,1.448,60.00122,140,3
05/23/22,02:56:01,0,1.448,60.00122,140,3
05/23/22,02:56:02,0,1.448,60.00122,140,3
05/23/22,02:56:03,0,1.447,60.00122,140,3
05/23/22,02:56:04,0,1.447,60.00122,140,3
05/23/22,02:56:05,0,1.447,60.00122,140,3
05/23/22,02:56:06,0,1.447,60.00122,140,3
05/23/22,02:56:07,0,1.446,60.00122,140,3
05/23/22,02:56:08,0,1.446,60.00122,140,3
05/23/22,02:56:09,0,1.446,60.00122,140,3
05/23/22,02:56:10,0,1.446,60.00122,140,3
05/23/22,02:56:11,0,1.446,60.00122,140,3
05/23/22,02:56:12,0,1.446,60.00122,140,3
05/23/22,02:56:13,0,1.445,60.00122,140,3
05/23/22,02:56:14,0,1.445,60.00122,140,3
05/23/22,02:56:15,0,1.445,60.00122,140,3
05/23/22,02:56:16,0,1.445,60.00122,140,3
05/23/22,02:56:17,0,1.444,60.00122,140,3
05/23/22,02:56:18,0,1.444,60.00122,140,3
05/23/22,02:56:19,0,1.444,60.00122,140,3
05/23/22,02:56:20,0,1.444,60.00122,140,3
05/23/22,02:56:21,0,1.444,60.00122,140,3
05/23/22,02:56:22,0,1.444,60.00122,140,3
05/23/22,02:56:23,0,1.443,60.00122,140,3
05/23/22,02:56:24,0,1.444,60.00122,140,3
05/23/22,02:56:25,0,1.443,60.00122,140,3
05/23/22,02:56:26,0,1.444,60.00122,140,3
05/23/22,02:56:27,0,1.443,60.00122,140,3
05/23/22,02:56:28,0,1.443,60.00122,140,3
05/23/22,02:56:29,0,1.443,60.00122,140,3
05/23/22,02:56:30,0,1.443,60.00122,140,3
05/23/22,02:56:31,0,1.442,60.00122,140,3
05/23/22,02:56:32,0,1.442,60.00122,140,3
05/23/22,02:56:33,0,1.442,60.00122,140,3
05/23/22,02:56:34,0,1.442,60.00122,140,3
05/23/22,02:56:35,0,1.442,60.00122,140,3
05/23/22,02:56:36,0,1.442,60.00122,140,3
05/23/22,02:56:37,0,1.442,60.00122,140,3
05/23/22,02:56:38,0,1.442,60.00122,140,3
05/23/22,02:56:39,0,1.442,60.00122,140,3
05/23/22,02:56:40,0,1.442,60.00122,140,3
05/23/22,02:56:41,0,1.442,60.00122,140,3
05/23/22,02:56:42,0,1.441,60.00122,140,3
05/23/22,02:56:43,0,1.442,60.00122,140,3
05/23/22,02:56:44,0,1.441,60.00122,140,3
05/23/22,02:56:45,0,1.441,60.00122,140,3
05/23/22,02:56:46,0,1.441,60.00122,140,3
05/23/22,02:56:47,0,1.44,60.00122,140,3
05/23/22,02:56:48,0,1.441,60.00122,140,3
05/23/22,02:56:49,0,1.439,60.00122,140,3
05/23/22,02:56:50,0,1.44,60.00122,140,3
05/23/22,02:56:51,0,1.44,60.00122,140,3
05/23/22,02:56:52,0,1.44,60.00122,140,3
05/23/22,02:56:53,0,1.439,60.00122,140,3
05/23/22,02:56:54,0,1.439,60.00122,140,3
05/23/22,02:56:55,0,1.439,60.00122,140,3
05/23/22,02:56:56,0,1.439,60.00122,140,3
05/23/22,02:56:57,0,1.439,60.00122,140,3
05/23/22,02:56:58,0,1.438,60.00122,140,3
05/23/22,02:56:59,0,1.438,60.00122,140,3
05/23/22,02:57:00,0,1.438,60.00122,140,3
05/23/22,02:57:01,0,1.437,60.00122,140,3
05/23/22,02:57:02,0,1.438,60.00122,140,3
05/23/22,02:57:03,0,1.437,60.00122,140,3
05/23/22,02:57:04,0,1.437,60.00122,140,3
05/23/22,02:57:05,0,1.437,60.00122,140,3
05/23/22,02:57:06,0,1.437,60.00122,140,3
05/23/22,02:57:07,0,1.437,60.00122,140,3
05/23/22,02:57:08,0,1.437,60.00122,140,3
05/23/22,02:57:09,0,1.437,60.00122,140,3
05/23/22,02:57:10,0,1.436,60.00122,140,3
05/23/22,02:57:11,0,1.436,60.00122,140,3
05/23/22,02:57:12,0,1.436,60.00122,140,3
05/23/22,02:57:13,0,1.436,60.00122,140,3
05/23/22,02:57:14,0,1.436,60.00122,140,3
05/23/22,02:57:15,0,1.435,60.00122,140,3
05/23/22,02:57:16,0,1.435,60.00122,140,3
05/23/22,02:57:17,0,1.435,60.00122,140,3
05/23/22,02:57:18,0,1.434,60.00122,140,3
05/23/22,02:57:19,0,1.434,60.00122,140,3
05/23/22,02:57:20,0,1.434,60.00122,140,3
05/23/22,02:57:21,0,1.434,60.00122,140,3
05/23/22,02:57:22,0,1.434,60.00122,140,3
05/23/22,02:57:23,0,1.434,60.00122,140,3
05/23/22,02:57:24,0,1.434,60.00122,140,3
05/23/22,02:57:25,0,1.433,60.00122,140,3
05/23/22,02:57:26,0,1.433,60.00122,140,3
05/23/22,02:57:27,0,1.433,60.00122,140,3
05/23/22,02:57:28,0,1.433,60.00122,140,3
05/23/22,02:57:29,0,1.433,60.00122,140,3
05/23/22,02:57:30,0,1.433,60.00122,140,3
05/23/22,02:57:31,0,1.432,60.00122,140,3
05/23/22,02:57:32,0,1.432,60.00122,140,3
05/23/22,02:57:33,0,1.432,60.00122,140,3
05/23/22,02:57:34,0,1.432,60.00122,140,3
05/23/22,02:57:35,0,1.432,60.00122,140,3
05/23/22,02:57:36,0,1.431,60.00122,140,3
05/23/22,02:57:37,0,1.431,60.00122,140,3
05/23/22,02:57:38,0,1.431,60.00122,140,3
05/23/22,02:57:39,0,1.431,60.00122,140,3
05/23/22,02:57:40,0,1.431,60.00122,140,3
05/23/22,02:57:41,0,1.431,60.00122,140,3
05/23/22,02:57:42,0,1.431,60.00122,140,3
05/23/22,02:57:43,0,1.431,60.00122,140,3
05/23/22,02:57:44,0,1.431,60.00122,140,3
05/23/22,02:57:45,0,1.431,60.00122,140,3
05/23/22,02:57:46,0,1.431,60.00122,140,3
05/23/22,02:57:47,0,1.43,60.00122,140,3
05/23/22,02:57:48,0,1.431,60.00122,140,3
05/23/22,02:57:49,0,1.43,60.00122,140,3
05/23/22,02:57:50,0,1.431,60.00122,140,3
05/23/22,02:57:51,0,1.43,60.00122,140,3
05/23/22,02:57:52,0,1.43,60.00122,140,3
05/23/22,02:57:53,0,1.43,60.00122,140,3
05/23/22,02:57:54,0,1.43,60.00122,140,3
05/23/22,02:57:55,0,1.43,60.00122,140,3
05/23/22,02:57:56,0,1.43,60.00122,140,3
05/23/22,02:57:57,0,1.43,60.00122,140,3
05/23/22,02:57:58,0,1.429,60.00122,140,3
05/23/22,02:57:59,0,1.43,60.00122,140,3
05/23/22,02:58:00,0,1.43,60.00122,140,3
05/23/22,02:58:01,0,1.429,60.00122,140,3
05/23/22,02:58:02,0,1.429,60.00122,140,3
05/23/22,02:58:03,0,1.43,60.00122,140,3
05/23/22,02:58:04,0,1.429,60.00122,140,3
05/23/22,02:58:05,0,1.429,60.00122,140,3
05/23/22,02:58:06,0,1.429,60.00122,140,3
05/23/22,02:58:07,0,1.429,60.00122,140,3
05/23/22,02:58:08,0,1.429,60.00122,140,3
05/23/22,02:58:09,0,1.429,60.00122,140,3
05/23/22,02:58:10,0,1.429,60.00122,140,3
05/23/22,02:58:11,0,1.429,60.00122,140,3
05/23/22,02:58:12,0,1.429,60.00122,140,3
05/23/22,02:58:13,0,1.429,60.00122,140,3
05/23/22,02:58:14,0,1.429,60.00122,140,3
05/23/22,02:58:15,0,1.429,60.00122,140,3
05/23/22,02:58:16,0,1.429,60.00122,140,3
05/23/22,02:58:17,0,1.429,60.00122,140,3
05/23/22,02:58:18,0,1.429,60.00122,140,3
05/23/22,02:58:19,0,1.429,60.00122,140,3
05/23/22,02:58:20,0,1.429,60.00122,140,3
05/23/22,02:58:21,0,1.428,60.00122,140,3
05/23/22,02:58:22,0,1.428,60.00122,140,3
05/23/22,02:58:23,0,1.428,60.00122,140,3
05/23/22,02:58:24,0,1.428,60.00122,140,3
05/23/22,02:58:25,0,1.428,60.00122,140,3
05/23/22,02:58:26,0,1.428,60.00122,140,3
05/23/22,02:58:27,0,1.428,60.00122,140,3
05/23/22,02:58:28,0,1.428,60.00122,140,3
05/23/22,02:58:29,0,1.428,60.00122,140,3
05/23/22,02:58:30,0,1.428,60.00122,140,3
05/23/22,02:58:31,0,1.428,60.00122,140,3
05/23/22,02:58:32,0,1.427,60.00122,140,3
05/23/22,02:58:33,0,1.427,60.00122,140,3
05/23/22,02:58:34,0,1.428,60.00122,140,3
05/23/22,02:58:35,0,1.427,60.00122,140,3
05/23/22,02:58:36,0,1.428,60.00122,140,3
05/23/22,02:58:37,0,1.428,60.00122,140,3
05/23/22,02:58:38,0,1.427,60.00122,140,3
05/23/22,02:58:39,0,1.427,60.00122,140,3
05/23/22,02:58:40,0,1.428,60.00122,140,3
05/23/22,02:58:41,0,1.427,60.00122,140,3
05/23/22,02:58:42,0,1.428,60.00122,140,3
05/23/22,02:58:43,0,1.427,60.00122,140,3
05/23/22,02:58:44,0,1.427,60.00122,140,3
05/23/22,02:58:45,0,1.427,60.00122,140,3
05/23/22,02:58:46,0,1.427,60.00122,140,3
05/23/22,02:58:47,0,1.427,60.00122,140,3
05/23/22,02:58:48,0,1.427,60.00122,140,3
05/23/22,02:58:49,0,1.427,60.00122,140,3
05/23/22,02:58:50,0,1.427,60.00122,140,3
05/23/22,02:58:51,0,1.427,60.00122,140,3
05/23/22,02:58:52,0,1.427,60.00122,140,3
05/23/22,02:58:53,0,1.427,60.00122,140,3
05/23/22,02:58:54,0,1.427,60.00122,140,3
05/23/22,02:58:55,0,1.427,60.00122,140,3
05/23/22,02:58:56,0,1.427,60.00122,140,3
05/23/22,02:58:57,0,1.427,60.00122,140,3
05/23/22,02:58:58,0,1.427,60.00122,140,3
05/23/22,02:58:59,0,1.427,60.00122,140,3
05/23/22,02:59:00,0,1.427,60.00122,140,3
05/23/22,02:59:01,0,1.427,60.00122,140,3
05/23/22,02:59:02,0,1.427,60.00122,140,3
05/23/22,02:59:03,0,1.427,60.00122,140,3
05/23/22,02:59:04,0,1.427,60.00122,140,3
05/23/22,02:59:05,0,1.427,60.00122,140,3
05/23/22,02:59:06,0,1.428,60.00122,140,3
05/23/22,02:59:07,0,1.427,60.00122,140,3
05/23/22,02:59:08,0,1.428,60.00122,140,3
05/23/22,02:59:09,0,1.428,60.00122,140,3
05/23/22,02:59:10,0,1.428,60.00122,140,3
05/23/22,02:59:11,0,1.428,60.00122,140,3
05/23/22,02:59:12,0,1.428,60.00122,140,3
05/23/22,02:59:13,0,1.428,60.00122,140,3
05/23/22,02:59:14,0,1.428,60.00122,140,3
05/23/22,02:59:15,0,1.427,60.00122,140,3
05/23/22,02:59:16,0,1.428,60.00122,140,3
05/23/22,02:59:17,0,1.429,60.00122,140,3
05/23/22,02:59:18,0,1.428,60.00122,140,3
05/23/22,02:59:19,0,1.429,60.00122,140,3
05/23/22,02:59:20,0,1.428,60.00122,140,3
05/23/22,02:59:21,0,1.428,60.00122,140,3
05/23/22,02:59:22,0,1.428,60.00122,140,3
05/23/22,02:59:23,0,1.429,60.00122,140,3
05/23/22,02:59:24,0,1.428,60.00122,140,3
05/23/22,02:59:25,0,1.429,60.00122,140,3
05/23/22,02:59:26,0,1.429,60.00122,140,3
05/23/22,02:59:27,0,1.429,60.00122,140,3
05/23/22,02:59:28,0,1.429,60.00122,140,3
05/23/22,02:59:29,0,1.429,60.00122,140,3
05/23/22,02:59:30,0,1.429,60.00122,140,3
05/23/22,02:59:31,0,1.429,60.00122,140,3
05/23/22,02:59:32,0,1.428,60.00122,140,3
05/23/22,02:59:33,0,1.428,60.00122,140,3
05/23/22,02:59:34,0,1.428,60.00122,140,3
05/23/22,02:59:35,0,1.428,60.00122,140,3
05/23/22,02:59:36,0,1.429,60.00122,140,3
05/23/22,02:59:37,0,1.428,60.00122,140,3
05/23/22,02:59:38,0,1.428,60.00122,140,3
05/23/22,02:59:39,0,1.428,60.00122,140,3
05/23/22,02:59:40,0,1.428,60.00122,140,3
05/23/22,02:59:41,0,1.429,60.00122,140,3
05/23/22,02:59:42,0,1.429,60.00122,140,3
05/23/22,02:59:43,0,1.428,60.00122,140,3
05/23/22,02:59:44,0,1.428,60.00122,140,3
05/23/22,02:59:45,0,1.428,60.00122,140,3
05/23/22,02:59:46,0,1.428,60.00122,140,3
05/23/22,02:59:47,0,1.428,60.00122,140,3
05/23/22,02:59:48,0,1.428,60.00122,140,3
05/23/22,02:59:49,0,1.428,60.00122,140,3
05/23/22,02:59:50,0,1.428,60.00122,140,3
05/23/22,02:59:51,0,1.428,60.00122,140,3
05/23/22,02:59:52,0,1.428,60.00122,140,3
05/23/22,02:59:53,0,1.428,60.00122,140,3
05/23/22,02:59:54,0,1.428,60.00122,140,3
05/23/22,02:59:55,0,1.428,60.00122,140,3
05/23/22,02:59:56,0,1.428,60.00122,140,3
05/23/22,02:59:57,0,1.428,60.00122,140,3
05/23/22,02:59:58,0,1.428,60.00122,140,3
05/23/22,02:59:59,0,1.428,60.00122,140,3
05/23/22,03:00:00,0,1.428,60.00122,140,3
05/23/22,03:00:01,0,1.428,60.00122,140,3
05/23/22,03:00:02,0,1.428,60.00122,140,3
05/23/22,03:00:03,0,1.428,60.00122,140,3
05/23/22,03:00:04,0,1.428,60.00122,140,3
05/23/22,03:00:05,0,1.428,60.00122,140,3
05/23/22,03:00:06,0,1.428,60.00122,140,3
05/23/22,03:00:07,0,1.428,60.00122,140,3
05/23/22,03:00:08,0,1.428,60.00122,140,3
05/23/22,03:00:09,0,1.428,60.00122,140,3
05/23/22,03:00:10,0,1.429,60.00122,140,3
05/23/22,03:00:11,0,1.428,60.00122,140,3
05/23/22,03:00:12,0,1.428,60.00122,140,3
05/23/22,03:00:13,0,1.428,60.00122,140,3
05/23/22,03:00:14,0,1.428,60.00122,140,3
05/23/22,03:00:15,0,1.428,60.00122,140,3
05/23/22,03:00:16,0,1.429,60.00122,140,3
05/23/22,03:00:17,0,1.429,60.00122,140,3
05/23/22,03:00:18,0,1.428,60.00122,140,3
05/23/22,03:00:19,0,1.429,60.00122,140,3
05/23/22,03:00:20,0,1.428,60.00122,140,3
05/23/22,03:00:21,0,1.428,60.00122,140,3
05/23/22,03:00:22,0,1.428,60.00122,140,3
05/23/22,03:00:23,0,1.429,60.00122,140,3
05/23/22,03:00:24,0,1.429,60.00122,140,3
05/23/22,03:00:25,0,1.428,60.00122,140,3
05/23/22,03:00:26,0,1.429,60.00122,140,3
05/23/22,03:00:27,0,1.429,60.00122,140,3
05/23/22,03:00:28,0,1.429,60.00122,140,3
05/23/22,03:00:29,0,1.429,60.00122,140,3
05/23/22,03:00:30,0,1.43,60.00122,140,3
05/23/22,03:00:31,0,1.429,60.00122,140,3
05/23/22,03:00:32,0,1.429,60.00122,140,3
05/23/22,03:00:33,0,1.429,60.00122,140,3
05/23/22,03:00:34,0,1.43,60.00122,140,3
05/23/22,03:00:35,0,1.429,60.00122,140,3
05/23/22,03:00:36,0,1.429,60.00122,140,3
05/23/22,03:00:37,0,1.429,60.00122,140,3
05/23/22,03:00:38,0,1.429,60.00122,140,3
05/23/22,03:00:39,0,1.43,60.00122,140,3
05/23/22,03:00:40,0,1.429,60.00122,140,3
05/23/22,03:00:41,0,1.43,60.00122,140,3
05/23/22,03:00:42,0,1.43,60.00122,140,3
05/23/22,03:00:43,0,1.43,60.00122,140,3
05/23/22,03:00:44,0,1.429,60.00122,140,3
05/23/22,03:00:45,0,1.43,60.00122,140,3
05/23/22,03:00:46,0,1.43,60.00122,140,3
05/23/22,03:00:47,0,1.429,60.00122,140,3
05/23/22,03:00:48,0,1.43,60.00122,140,3
05/23/22,03:00:49,0,1.43,60.00122,140,3
05/23/22,03:00:50,0,1.43,60.00122,140,3
05/23/22,03:00:51,0,1.43,60.00122,140,3
05/23/22,03:00:52,0,1.43,60.00122,140,3
05/23/22,03:00:53,0,1.43,60.00122,140,3
05/23/22,03:00:54,0,1.43,60.00122,140,3
05/23/22,03:00:55,0,1.43,60.00122,140,3
05/23/22,03:00:56,0,1.43,60.00122,140,3
05/23/22,03:00:57,0,1.429,60.00122,140,3
05/23/22,03:00:58,0,1.43,60.00122,140,3
05/23/22,03:00:59,0,1.43,60.00122,140,3
05/23/22,03:01:00,0,1.43,60.00122,140,3
05/23/22,03:01:01,0,1.43,60.00122,140,3
05/23/22,03:01:02,0,1.429,60.00122,140,3
05/23/22,03:01:03,0,1.43,60.00122,140,3
05/23/22,03:01:04,0,1.43,60.00122,140,3
05/23/22,03:01:05,0,1.43,60.00122,140,3
05/23/22,03:01:06,0,1.43,60.00122,140,3
05/23/22,03:01:07,0,1.43,60.00122,140,3
05/23/22,03:01:08,0,1.43,60.00122,140,3
05/23/22,03:01:09,0,1.43,60.00122,140,3
05/23/22,03:01:10,0,1.43,60.00122,140,3
05/23/22,03:01:11,0,1.431,60.00122,140,3
05/23/22,03:01:12,0,1.43,60.00122,140,3
05/23/22,03:01:13,0,1.43,60.00122,140,3
05/23/22,03:01:14,0,1.43,60.00122,140,3
05/23/22,03:01:15,0,1.43,60.00122,140,3
05/23/22,03:01:16,0,1.43,60.00122,140,3
05/23/22,03:01:17,0,1.43,60.00122,140,3
05/23/22,03:01:18,0,1.43,60.00122,140,3
05/23/22,03:01:19,0,1.431,60.00122,140,3
05/23/22,03:01:20,0,1.43,60.00122,140,3
05/23/22,03:01:21,0,1.43,60.00122,140,3
05/23/22,03:01:22,0,1.431,60.00122,140,3
05/23/22,03:01:23,0,1.431,60.00122,140,3
05/23/22,03:01:24,0,1.431,60.00122,140,3
05/23/22,03:01:25,0,1.431,60.00122,140,3
05/23/22,03:01:26,0,1.431,60.00122,140,3
05/23/22,03:01:27,0,1.431,60.00122,140,3
05/23/22,03:01:28,0,1.431,60.00122,140,3
05/23/22,03:01:29,0,1.431,60.00122,140,3
05/23/22,03:01:30,0,1.431,60.00122,140,3
05/23/22,03:01:31,0,1.431,60.00122,140,3
05/23/22,03:01:32,0,1.431,60.00122,140,3
05/23/22,03:01:33,0,1.431,60.00122,140,3
05/23/22,03:01:34,0,1.431,60.00122,140,3
05/23/22,03:01:35,0,1.431,60.00122,140,3
05/23/22,03:01:36,0,1.431,60.00122,140,3
05/23/22,03:01:37,0,1.431,60.00122,140,3
05/23/22,03:01:38,0,1.431,60.00122,140,3
05/23/22,03:01:39,0,1.431,60.00122,140,3
05/23/22,03:01:40,0,1.431,60.00122,140,3
05/23/22,03:01:41,0,1.431,60.00122,140,3
05/23/22,03:01:42,0,1.431,60.00122,140,3
05/23/22,03:01:43,0,1.431,60.00122,140,3
05/23/22,03:01:44,0,1.431,60.00122,140,3
05/23/22,03:01:45,0,1.431,60.00122,140,3
05/23/22,03:01:46,0,1.432,60.00122,140,3
05/23/22,03:01:47,0,1.432,60.00122,140,3
05/23/22,03:01:48,0,1.432,60.00122,140,3
05/23/22,03:01:49,0,1.432,60.00122,140,3
05/23/22,03:01:50,0,1.432,60.00122,140,3
05/23/22,03:01:51,0,1.432,60.00122,140,3
05/23/22,03:01:52,0,1.432,60.00122,140,3
05/23/22,03:01:53,0,1.432,60.00122,140,3
05/23/22,03:01:54,0,1.431,60.00122,140,3
05/23/22,03:01:55,0,1.432,60.00122,140,3
05/23/22,03:01:56,0,1.432,60.00122,140,3
05/23/22,03:01:57,0,1.432,60.00122,140,3
05/23/22,03:01:58,0,1.433,60.00122,140,3
05/23/22,03:01:59,0,1.432,60.00122,140,3
05/23/22,03:02:00,0,1.433,60.00122,140,3
05/23/22,03:02:01,0,1.433,60.00122,140,3
05/23/22,03:02:02,0,1.433,60.00122,140,3
05/23/22,03:02:03,0,1.433,60.00122,140,3
05/23/22,03:02:04,0,1.432,60.00122,140,3
05/23/22,03:02:05,0,1.433,60.00122,140,3
05/23/22,03:02:06,0,1.433,60.00122,140,3
05/23/22,03:02:07,0,1.433,60.00122,140,3
05/23/22,03:02:08,0,1.433,60.00122,140,3
05/23/22,03:02:09,0,1.433,60.00122,140,3
05/23/22,03:02:10,0,1.433,60.00122,140,3
05/23/22,03:02:11,0,1.433,60.00122,140,3
05/23/22,03:02:12,0,1.433,60.00122,140,3
05/23/22,03:02:13,0,1.434,60.00122,140,3
05/23/22,03:02:14,0,1.433,60.00122,140,3
05/23/22,03:02:15,0,1.433,60.00122,140,3
05/23/22,03:02:16,0,1.433,60.00122,140,3
05/23/22,03:02:17,0,1.434,60.00122,140,3
05/23/22,03:02:18,0,1.434,60.00122,140,3
05/23/22,03:02:19,0,1.434,60.00122,140,3
05/23/22,03:02:20,0,1.434,60.00122,140,3
05/23/22,03:02:21,0,1.434,60.00122,140,3
05/23/22,03:02:22,0,1.434,60.00122,140,3
05/23/22,03:02:23,0,1.434,60.00122,140,3
05/23/22,03:02:24,0,1.434,60.00122,140,3
05/23/22,03:02:25,0,1.434,60.00122,140,3
05/23/22,03:02:26,0,1.434,60.00122,140,3
05/23/22,03:02:27,0,1.434,60.00122,140,3
05/23/22,03:02:28,0,1.434,60.00122,140,3
05/23/22,03:02:29,0,1.434,60.00122,140,3
05/23/22,03:02:30,0,1.434,60.00122,140,3
05/23/22,03:02:31,0,1.434,60.00122,140,3
05/23/22,03:02:32,0,1.435,60.00122,140,3
05/23/22,03:02:33,0,1.434,60.00122,140,3
05/23/22,03:02:34,0,1.434,60.00122,140,3
05/23/22,03:02:35,0,1.435,60.00122,140,3
05/23/22,03:02:36,0,1.435,60.00122,140,3
05/23/22,03:02:37,0,1.435,60.00122,140,3
05/23/22,03:02:38,0,1.435,60.00122,140,3
05/23/22,03:02:39,0,1.435,60.00122,140,3
05/23/22,03:02:40,0,1.435,60.00122,140,3
05/23/22,03:02:41,0,1.435,60.00122,140,3
05/23/22,03:02:42,0,1.435,60.00122,140,3
05/23/22,03:02:43,0,1.435,60.00122,140,3
05/23/22,03:02:44,0,1.435,60.00122,140,3
05/23/22,03:02:45,0,1.435,60.00122,140,3
05/23/22,03:02:46,0,1.436,60.00122,140,3
05/23/22,03:02:47,0,1.435,60.00122,140,3
05/23/22,03:02:48,0,1.435,60.00122,140,3
05/23/22,03:02:49,0,1.435,60.00122,140,3
05/23/22,03:02:50,0,1.435,60.00122,140,3
05/23/22,03:02:51,0,1.435,60.00122,140,3
05/23/22,03:02:52,0,1.435,60.00122,140,3
05/23/22,03:02:53,0,1.435,60.00122,140,3
05/23/22,03:02:54,0,1.435,60.00122,140,3
05/23/22,03:02:55,0,1.435,60.00122,140,3
05/23/22,03:02:56,0,1.435,60.00122,140,3
05/23/22,03:02:57,0,1.434,60.00122,140,3
05/23/22,03:02:58,0,1.435,60.00122,140,3
05/23/22,03:02:59,0,1.434,60.00122,140,3
05/23/22,03:03:00,0,1.434,60.00122,140,3
05/23/22,03:03:01,0,1.434,60.00122,140,3
05/23/22,03:03:02,0,1.434,60.00122,140,3
05/23/22,03:03:03,0,1.434,60.00122,140,3
05/23/22,03:03:04,0,1.434,60.00122,140,3
05/23/22,03:03:05,0,1.434,60.00122,140,3
05/23/22,03:03:06,0,1.434,60.00122,140,3
05/23/22,03:03:07,0,1.434,60.00122,140,3
05/23/22,03:03:08,0,1.434,60.00122,140,3
05/23/22,03:03:09,0,1.434,60.00122,140,3
05/23/22,03:03:10,0,1.433,60.00122,140,3
05/23/22,03:03:11,0,1.434,60.00122,140,3
05/23/22,03:03:12,0,1.434,60.00122,140,3
05/23/22,03:03:13,0,1.434,60.00122,140,3
05/23/22,03:03:14,0,1.434,60.00122,140,3
05/23/22,03:03:15,0,1.434,60.00122,140,3
05/23/22,03:03:16,0,1.434,60.00122,140,3
05/23/22,03:03:17,0,1.434,60.00122,140,3
05/23/22,03:03:18,0,1.434,60.00122,140,3
05/23/22,03:03:19,0,1.434,60.00122,140,3
05/23/22,03:03:20,0,1.434,60.00122,140,3
05/23/22,03:03:21,0,1.434,60.00122,140,3
05/23/22,03:03:22,0,1.434,60.00122,140,3
05/23/22,03:03:23,0,1.434,60.00122,140,3
05/23/22,03:03:24,0,1.434,60.00122,140,3
05/23/22,03:03:25,0,1.435,60.00122,140,3
05/23/22,03:03:26,0,1.434,60.00122,140,3
05/23/22,03:03:27,0,1.434,60.00122,140,3
05/23/22,03:03:28,0,1.434,60.00122,140,3
05/23/22,03:03:29,0,1.434,60.00122,140,3
05/23/22,03:03:30,0,1.434,60.00122,140,3
05/23/22,03:03:31,0,1.434,60.00122,140,3
05/23/22,03:03:32,0,1.434,60.00122,140,3
05/23/22,03:03:33,0,1.434,60.00122,140,3
05/23/22,03:03:34,0,1.434,60.00122,140,3
05/23/22,03:03:35,0,1.434,60.00122,140,3
05/23/22,03:03:36,0,1.434,60.00122,140,3
05/23/22,03:03:37,0,1.434,60.00122,140,3
05/23/22,03:03:38,0,1.434,60.00122,140,3
05/23/22,03:03:39,0,1.434,60.00122,140,3
05/23/22,03:03:40,0,1.434,60.00122,140,3
05/23/22,03:03:41,0,1.434,60.00122,140,3
05/23/22,03:03:42,0,1.434,60.00122,140,3
05/23/22,03:03:43,0,1.434,60.00122,140,3
05/23/22,03:03:44,0,1.434,60.00122,140,3
05/23/22,03:03:45,0,1.434,60.00122,140,3
05/23/22,03:03:46,0,1.434,60.00122,140,3
05/23/22,03:03:47,0,1.434,60.00122,140,3
05/23/22,03:03:48,0,1.434,60.00122,140,3
05/23/22,03:03:49,0,1.434,60.00122,140,3
05/23/22,03:03:50,0,1.434,60.00122,140,3
05/23/22,03:03:51,0,1.434,60.00122,140,3
05/23/22,03:03:52,0,1.434,60.00122,140,3
05/23/22,03:03:53,0,1.434,60.00122,140,3
05/23/22,03:03:54,0,1.434,60.00122,140,3
05/23/22,03:03:55,0,1.435,60.00122,140,3
05/23/22,03:03:56,0,1.435,60.00122,140,3
05/23/22,03:03:57,0,1.434,60.00122,140,3
05/23/22,03:03:58,0,1.434,60.00122,140,3
05/23/22,03:03:59,0,1.434,60.00122,140,3
05/23/22,03:04:00,0,1.434,60.00122,140,3
05/23/22,03:04:01,0,1.434,60.00122,140,3
05/23/22,03:04:02,0,1.435,60.00122,140,3
05/23/22,03:04:03,0,1.435,60.00122,140,3
05/23/22,03:04:04,0,1.434,60.00122,140,3
05/23/22,03:04:05,0,1.435,60.00122,140,3
05/23/22,03:04:06,0,1.434,60.00122,140,3
05/23/22,03:04:07,0,1.435,60.00122,140,3
05/23/22,03:04:08,0,1.435,60.00122,140,3
05/23/22,03:04:09,0,1.435,60.00122,140,3
05/23/22,03:04:10,0,1.435,60.00122,140,3
05/23/22,03:04:11,0,1.435,60.00122,140,3
05/23/22,03:04:12,0,1.434,60.00122,140,3
05/23/22,03:04:13,0,1.435,60.00122,140,3
05/23/22,03:04:14,0,1.435,60.00122,140,3
05/23/22,03:04:15,0,1.435,60.00122,140,3
05/23/22,03:04:16,0,1.435,60.00122,140,3
05/23/22,03:04:17,0,1.435,60.00122,140,3
05/23/22,03:04:18,0,1.435,60.00122,140,3
05/23/22,03:04:19,0,1.435,60.00122,140,3
05/23/22,03:04:20,0,1.434,60.00122,140,3
05/23/22,03:04:21,0,1.435,60.00122,140,3
05/23/22,03:04:22,0,1.435,60.00122,140,3
05/23/22,03:04:23,0,1.435,60.00122,140,3
05/23/22,03:04:24,0,1.435,60.00122,140,3
05/23/22,03:04:25,0,1.435,60.00122,140,3
05/23/22,03:04:26,0,1.435,60.00122,140,3
05/23/22,03:04:27,0,1.436,60.00122,140,3
05/23/22,03:04:28,0,1.435,60.00122,140,3
05/23/22,03:04:29,0,1.435,60.00122,140,3
05/23/22,03:04:30,0,1.436,60.00122,140,3
05/23/22,03:04:31,0,1.435,60.00122,140,3
05/23/22,03:04:32,0,1.435,60.00122,140,3
05/23/22,03:04:33,0,1.435,60.00122,140,3
05/23/22,03:04:34,0,1.435,60.00122,140,3
05/23/22,03:04:35,0,1.436,60.00122,140,3
05/23/22,03:04:36,0,1.436,60.00122,140,3
05/23/22,03:04:37,0,1.435,60.00122,140,3
05/23/22,03:04:38,0,1.435,60.00122,140,3
05/23/22,03:04:39,0,1.436,60.00122,140,3
05/23/22,03:04:40,0,1.436,60.00122,140,3
05/23/22,03:04:41,0,1.435,60.00122,140,3
05/23/22,03:04:42,0,1.436,60.00122,140,3
05/23/22,03:04:43,0,1.436,60.00122,140,3
05/23/22,03:04:44,0,1.436,60.00122,140,3
05/23/22,03:04:45,0,1.436,60.00122,140,3
05/23/22,03:04:46,0,1.436,60.00122,140,3
05/23/22,03:04:47,0,1.436,60.00122,140,3
05/23/22,03:04:48,0,1.436,60.00122,140,3
05/23/22,03:04:49,0,1.436,60.00122,140,3
05/23/22,03:04:50,0,1.436,60.00122,140,3
05/23/22,03:04:51,0,1.437,60.00122,140,3
05/23/22,03:04:52,0,1.437,60.00122,140,3
05/23/22,03:04:53,0,1.436,60.00122,140,3
05/23/22,03:04:54,0,1.436,60.00122,140,3
05/23/22,03:04:55,0,1.437,60.00122,140,3
05/23/22,03:04:56,0,1.437,60.00122,140,3
05/23/22,03:04:57,0,1.437,60.00122,140,3
05/23/22,03:04:58,0,1.437,60.00122,140,3
05/23/22,03:04:59,0,1.437,60.00122,140,3
05/23/22,03:05:00,0,1.438,60.00122,140,3
05/23/22,03:05:01,0,1.438,60.00122,140,3
05/23/22,03:05:02,0,1.438,60.00122,140,3
05/23/22,03:05:03,0,1.438,60.00122,140,3
05/23/22,03:05:04,0,1.438,60.00122,140,3
05/23/22,03:05:05,0,1.438,60.00122,140,3
05/23/22,03:05:06,0,1.438,60.00122,140,3
05/23/22,03:05:07,0,1.438,60.00122,140,3
05/23/22,03:05:08,0,1.439,60.00122,140,3
05/23/22,03:05:09,0,1.439,60.00122,140,3
05/23/22,03:05:10,0,1.439,60.00122,140,3
05/23/22,03:05:11,0,1.439,60.00122,140,3
05/23/22,03:05:12,0,1.439,60.00122,140,3
05/23/22,03:05:13,0,1.439,60.00122,140,3
05/23/22,03:05:14,0,1.439,60.00122,140,3
05/23/22,03:05:15,0,1.439,60.00122,140,3
05/23/22,03:05:16,0,1.439,60.00122,140,3
05/23/22,03:05:17,0,1.439,60.00122,140,3
05/23/22,03:05:18,0,1.44,60.00122,140,3
05/23/22,03:05:19,0,1.44,60.00122,140,3
05/23/22,03:05:20,0,1.44,60.00122,140,3
05/23/22,03:05:21,0,1.44,60.00122,140,3
05/23/22,03:05:22,0,1.44,60.00122,140,3
05/23/22,03:05:23,0,1.44,60.00122,140,3
05/23/22,03:05:24,0,1.44,60.00122,140,3
05/23/22,03:05:25,0,1.441,60.00122,140,3
05/23/22,03:05:26,0,1.441,60.00122,140,3
05/23/22,03:05:27,0,1.441,60.00122,140,3
05/23/22,03:05:28,0,1.441,60.00122,140,3
05/23/22,03:05:29,0,1.441,60.00122,140,3
05/23/22,03:05:30,0,1.442,60.00122,140,3
05/23/22,03:05:31,0,1.442,60.00122,140,3
05/23/22,03:05:32,0,1.442,60.00122,140,3
05/23/22,03:05:33,0,1.441,60.00122,140,3
05/23/22,03:05:34,0,1.441,60.00122,140,3
05/23/22,03:05:35,0,1.441,60.00122,140,3
05/23/22,03:05:36,0,1.442,60.00122,140,3
05/23/22,03:05:37,0,1.442,60.00122,140,3
05/23/22,03:05:38,0,1.442,60.00122,140,3
05/23/22,03:05:39,0,1.442,60.00122,140,3
05/23/22,03:05:40,0,1.442,60.00122,140,3
05/23/22,03:05:41,0,1.442,60.00122,140,3
05/23/22,03:05:42,0,1.442,60.00122,140,3
05/23/22,03:05:43,0,1.442,60.00122,140,3
05/23/22,03:05:44,0,1.443,60.00122,140,3
05/23/22,03:05:45,0,1.442,60.00122,140,3
05/23/22,03:05:46,0,1.442,60.00122,140,3
05/23/22,03:05:47,0,1.443,60.00122,140,3
05/23/22,03:05:48,0,1.443,60.00122,140,3
05/23/22,03:05:49,0,1.443,60.00122,140,3
05/23/22,03:05:50,0,1.443,60.00122,140,3
05/23/22,03:05:51,0,1.444,60.00122,140,3
05/23/22,03:05:52,0,1.443,60.00122,140,3
05/23/22,03:05:53,0,1.443,60.00122,140,3
05/23/22,03:05:54,0,1.444,60.00122,140,3
05/23/22,03:05:55,0,1.444,60.00122,140,3
05/23/22,03:05:56,0,1.444,60.00122,140,3
05/23/22,03:05:57,0,1.444,60.00122,140,3
05/23/22,03:05:58,0,1.444,60.00122,140,3
05/23/22,03:05:59,0,1.445,60.00122,140,3
05/23/22,03:06:00,0,1.445,60.00122,140,3
05/23/22,03:06:01,0,1.445,60.00122,140,3
05/23/22,03:06:02,0,1.446,60.00122,140,3
05/23/22,03:06:03,0,1.446,60.00122,140,3
05/23/22,03:06:04,0,1.445,60.00122,140,3
05/23/22,03:06:05,0,1.446,60.00122,140,3
05/23/22,03:06:06,0,1.446,60.00122,140,3
05/23/22,03:06:07,0,1.446,60.00122,140,3
05/23/22,03:06:08,0,1.446,60.00122,140,3
05/23/22,03:06:09,0,1.447,60.00122,140,3
05/23/22,03:06:10,0,1.446,60.00122,140,3
05/23/22,03:06:11,0,1.446,60.00122,140,3
05/23/22,03:06:12,0,1.447,60.00122,140,3
05/23/22,03:06:13,0,1.447,60.00122,140,3
05/23/22,03:06:14,0,1.447,60.00122,140,3
05/23/22,03:06:15,0,1.447,60.00122,140,3
05/23/22,03:06:16,0,1.447,60.00122,140,3
05/23/22,03:06:17,0,1.447,60.00122,140,3
05/23/22,03:06:18,0,1.447,60.00122,140,3
05/23/22,03:06:19,0,1.447,60.00122,140,3
05/23/22,03:06:20,0,1.448,60.00122,140,3
05/23/22,03:06:21,0,1.448,79.99756,140,3
05/23/22,03:06:22,0,1.448,79.99756,140,3
05/23/22,03:06:23,0,1.447,79.99756,140,3
05/23/22,03:06:24,0,1.437,79.99756,140,3
05/23/22,03:06:25,0,1.427,79.99756,140,3
05/23/22,03:06:26,0,1.418,79.99756,140,3
05/23/22,03:06:27,0,1.41,79.99756,140,3
05/23/22,03:06:28,0,1.402,79.99756,140,3
05/23/22,03:06:29,0,1.396,79.99756,140,3
05/23/22,03:06:30,0,1.389,79.99756,140,3
05/23/22,03:06:31,0,1.382,79.99756,140,3
05/23/22,03:06:32,0,1.377,79.99756,140,3
05/23/22,03:06:33,0,1.372,79.99756,140,3
05/23/22,03:06:34,0,1.367,79.99756,140,3
05/23/22,03:06:35,0,1.363,79.99756,140,3
05/23/22,03:06:36,0,1.359,79.99756,140,3
05/23/22,03:06:37,0,1.355,79.99756,140,3
05/23/22,03:06:38,0,1.351,79.99756,140,3
05/23/22,03:06:39,0,1.349,79.99756,140,3
05/23/22,03:06:40,0,1.345,79.99756,140,3
05/23/22,03:06:41,0,1.342,79.99756,140,3
05/23/22,03:06:42,0,1.34,79.99756,140,3
05/23/22,03:06:43,0,1.337,79.99756,140,3
05/23/22,03:06:44,0,1.336,79.99756,140,3
05/23/22,03:06:45,0,1.333,79.99756,140,3
05/23/22,03:06:46,0,1.332,79.99756,140,3
05/23/22,03:06:47,0,1.331,79.99756,140,3
05/23/22,03:06:48,0,1.329,79.99756,140,3
05/23/22,03:06:49,0,1.327,79.99756,140,3
05/23/22,03:06:50,0,1.326,79.99756,140,3
05/23/22,03:06:51,0,1.325,79.99756,140,3
05/23/22,03:06:52,0,1.323,79.99756,140,3
05/23/22,03:06:53,0,1.322,79.99756,140,3
05/23/22,03:06:54,0,1.32,79.99756,140,3
05/23/22,03:06:55,0,1.32,79.99756,140,3
05/23/22,03:06:56,0,1.319,79.99756,140,3
05/23/22,03:06:57,0,1.318,79.99756,140,3
05/23/22,03:06:58,0,1.316,79.99756,140,3
05/23/22,03:06:59,0,1.316,79.99756,140,3
05/23/22,03:07:00,0,1.316,79.99756,140,3
05/23/22,03:07:01,0,1.314,79.99756,140,3
05/23/22,03:07:02,0,1.313,79.99756,140,3
05/23/22,03:07:03,0,1.313,79.99756,140,3
05/23/22,03:07:04,0,1.312,79.99756,140,3
05/23/22,03:07:05,0,1.311,79.99756,140,3
05/23/22,03:07:06,0,1.31,79.99756,140,3
05/23/22,03:07:07,0,1.31,79.99756,140,3
05/23/22,03:07:08,0,1.309,79.99756,140,3
05/23/22,03:07:09,0,1.309,79.99756,140,3
05/23/22,03:07:10,0,1.307,79.99756,140,3
05/23/22,03:07:11,0,1.307,79.99756,140,3
05/23/22,03:07:12,0,1.306,79.99756,140,3
05/23/22,03:07:13,0,1.305,79.99756,140,3
05/23/22,03:07:14,0,1.305,79.99756,140,3
05/23/22,03:07:15,0,1.305,79.99756,140,3
05/23/22,03:07:16,0,1.304,79.99756,140,3
05/23/22,03:07:17,0,1.303,79.99756,140,3
05/23/22,03:07:18,0,1.303,79.99756,140,3
05/23/22,03:07:19,0,1.302,79.99756,140,3
05/23/22,03:07:20,0,1.302,79.99756,140,3
05/23/22,03:07:21,0,1.301,79.99756,140,3
05/23/22,03:07:22,0,1.301,79.99756,140,3
05/23/22,03:07:23,0,1.301,79.99756,140,3
05/23/22,03:07:24,0,1.3,79.99756,140,3
05/23/22,03:07:25,0,1.299,79.99756,140,3
05/23/22,03:07:26,0,1.299,79.99756,140,3
05/23/22,03:07:27,0,1.298,79.99756,140,3
05/23/22,03:07:28,0,1.298,79.99756,140,3
05/23/22,03:07:29,0,1.297,79.99756,140,3
05/23/22,03:07:30,0,1.298,79.99756,140,3
05/23/22,03:07:31,0,1.297,79.99756,140,3
05/23/22,03:07:32,0,1.297,79.99756,140,3
05/23/22,03:07:33,0,1.296,79.99756,140,3
05/23/22,03:07:34,0,1.296,79.99756,140,3
05/23/22,03:07:35,0,1.296,79.99756,140,3
05/23/22,03:07:36,0,1.296,79.99756,140,3
05/23/22,03:07:37,0,1.295,79.99756,140,3
05/23/22,03:07:38,0,1.295,79.99756,140,3
05/23/22,03:07:39,0,1.295,79.99756,140,3
05/23/22,03:07:40,0,1.295,79.99756,140,3
05/23/22,03:07:41,0,1.294,79.99756,140,3
05/23/22,03:07:42,0,1.294,79.99756,140,3
05/23/22,03:07:43,0,1.294,79.99756,140,3
05/23/22,03:07:44,0,1.293,79.99756,140,3
05/23/22,03:07:45,0,1.293,79.99756,140,3
05/23/22,03:07:46,0,1.293,79.99756,140,3
05/23/22,03:07:47,0,1.292,79.99756,140,3
05/23/22,03:07:48,0,1.292,79.99756,140,3
05/23/22,03:07:49,0,1.292,79.99756,140,3
05/23/22,03:07:50,0,1.292,79.99756,140,3
05/23/22,03:07:51,0,1.291,79.99756,140,3
05/23/22,03:07:52,0,1.291,79.99756,140,3
05/23/22,03:07:53,0,1.291,79.99756,140,3
05/23/22,03:07:54,0,1.291,79.99756,140,3
05/23/22,03:07:55,0,1.291,79.99756,140,3
05/23/22,03:07:56,0,1.29,79.99756,140,3
05/23/22,03:07:57,0,1.29,79.99756,140,3
05/23/22,03:07:58,0,1.29,79.99756,140,3
05/23/22,03:07:59,0,1.29,79.99756,140,3
05/23/22,03:08:00,0,1.29,79.99756,140,3
05/23/22,03:08:01,0,1.29,79.99756,140,3
05/23/22,03:08:02,0,1.29,79.99756,140,3
05/23/22,03:08:03,0,1.289,79.99756,140,3
05/23/22,03:08:04,0,1.289,79.99756,140,3
05/23/22,03:08:05,0,1.289,79.99756,140,3
05/23/22,03:08:06,0,1.288,79.99756,140,3
05/23/22,03:08:07,0,1.288,79.99756,140,3
05/23/22,03:08:08,0,1.288,79.99756,140,3
05/23/22,03:08:09,0,1.288,79.99756,140,3
05/23/22,03:08:10,0,1.287,79.99756,140,3
05/23/22,03:08:11,0,1.287,79.99756,140,3
05/23/22,03:08:12,0,1.286,79.99756,140,3
05/23/22,03:08:13,0,1.287,79.99756,140,3
05/23/22,03:08:14,0,1.287,79.99756,140,3
05/23/22,03:08:15,0,1.287,79.99756,140,3
05/23/22,03:08:16,0,1.287,79.99756,140,3
05/23/22,03:08:17,0,1.286,79.99756,140,3
05/23/22,03:08:18,0,1.286,79.99756,140,3
05/23/22,03:08:19,0,1.287,79.99756,140,3
05/23/22,03:08:20,0,1.286,79.99756,140,3
05/23/22,03:08:21,0,1.285,79.99756,140,3
05/23/22,03:08:22,0,1.285,79.99756,140,3
05/23/22,03:08:23,0,1.285,79.99756,140,3
05/23/22,03:08:24,0,1.285,79.99756,140,3
05/23/22,03:08:25,0,1.285,79.99756,140,3
05/23/22,03:08:26,0,1.285,79.99756,140,3
05/23/22,03:08:27,0,1.285,79.99756,140,3
05/23/22,03:08:28,0,1.285,79.99756,140,3
05/23/22,03:08:29,0,1.284,79.99756,140,3
05/23/22,03:08:30,0,1.285,79.99756,140,3
05/23/22,03:08:31,0,1.284,79.99756,140,3
05/23/22,03:08:32,0,1.285,79.99756,140,3
05/23/22,03:08:33,0,1.285,79.99756,140,3
05/23/22,03:08:34,0,1.284,79.99756,140,3
05/23/22,03:08:35,0,1.284,79.99756,140,3
05/23/22,03:08:36,0,1.284,79.99756,140,3
05/23/22,03:08:37,0,1.284,79.99756,140,3
05/23/22,03:08:38,0,1.284,79.99756,140,3
05/23/22,03:08:39,0,1.284,79.99756,140,3
05/23/22,03:08:40,0,1.284,79.99756,140,3
05/23/22,03:08:41,0,1.283,79.99756,140,3
05/23/22,03:08:42,0,1.283,79.99756,140,3
05/23/22,03:08:43,0,1.283,79.99756,140,3
05/23/22,03:08:44,0,1.283,79.99756,140,3
05/23/22,03:08:45,0,1.283,79.99756,140,3
05/23/22,03:08:46,0,1.282,79.99756,140,3
05/23/22,03:08:47,0,1.283,79.99756,140,3
05/23/22,03:08:48,0,1.282,79.99756,140,3
05/23/22,03:08:49,0,1.283,79.99756,140,3
05/23/22,03:08:50,0,1.282,79.99756,140,3
05/23/22,03:08:51,0,1.282,79.99756,140,3
05/23/22,03:08:52,0,1.282,79.99756,140,3
05/23/22,03:08:53,0,1.282,79.99756,140,3
05/23/22,03:08:54,0,1.282,79.99756,140,3
05/23/22,03:08:55,0,1.281,79.99756,140,3
05/23/22,03:08:56,0,1.281,79.99756,140,3
05/23/22,03:08:57,0,1.282,79.99756,140,3
05/23/22,03:08:58,0,1.281,79.99756,140,3
05/23/22,03:08:59,0,1.281,79.99756,140,3
05/23/22,03:09:00,0,1.281,79.99756,140,3
05/23/22,03:09:01,0,1.281,79.99756,140,3
05/23/22,03:09:02,0,1.281,79.99756,140,3
05/23/22,03:09:03,0,1.281,79.99756,140,3
05/23/22,03:09:04,0,1.28,79.99756,140,3
05/23/22,03:09:05,0,1.28,79.99756,140,3
05/23/22,03:09:06,0,1.28,79.99756,140,3
05/23/22,03:09:07,0,1.281,79.99756,140,3
05/23/22,03:09:08,0,1.28,79.99756,140,3
05/23/22,03:09:09,0,1.28,79.99756,140,3
05/23/22,03:09:10,0,1.28,79.99756,140,3
05/23/22,03:09:11,0,1.28,79.99756,140,3
05/23/22,03:09:12,0,1.28,79.99756,140,3
05/23/22,03:09:13,0,1.28,79.99756,140,3
05/23/22,03:09:14,0,1.28,79.99756,140,3
05/23/22,03:09:15,0,1.28,79.99756,140,3
05/23/22,03:09:16,0,1.28,79.99756,140,3
05/23/22,03:09:17,0,1.279,79.99756,140,3
05/23/22,03:09:18,0,1.279,79.99756,140,3
05/23/22,03:09:19,0,1.28,79.99756,140,3
05/23/22,03:09:20,0,1.279,79.99756,140,3
05/23/22,03:09:21,0,1.279,79.99756,140,3
05/23/22,03:09:22,0,1.279,79.99756,140,3
05/23/22,03:09:23,0,1.279,79.99756,140,3
05/23/22,03:09:24,0,1.279,79.99756,140,3
05/23/22,03:09:25,0,1.279,79.99756,140,3
05/23/22,03:09:26,0,1.279,79.99756,140,3
05/23/22,03:09:27,0,1.279,79.99756,140,3
05/23/22,03:09:28,0,1.279,79.99756,140,3
05/23/22,03:09:29,0,1.279,79.99756,140,3
05/23/22,03:09:30,0,1.279,79.99756,140,3
05/23/22,03:09:31,0,1.279,79.99756,140,3
05/23/22,03:09:32,0,1.279,79.99756,140,3
05/23/22,03:09:33,0,1.279,79.99756,140,3
05/23/22,03:09:34,0,1.279,79.99756,140,3
05/23/22,03:09:35,0,1.279,79.99756,140,3
05/23/22,03:09:36,0,1.279,79.99756,140,3
05/23/22,03:09:37,0,1.279,79.99756,140,3
05/23/22,03:09:38,0,1.279,79.99756,140,3
05/23/22,03:09:39,0,1.279,79.99756,140,3
05/23/22,03:09:40,0,1.279,79.99756,140,3
05/23/22,03:09:41,0,1.279,79.99756,140,3
05/23/22,03:09:42,0,1.279,79.99756,140,3
05/23/22,03:09:43,0,1.279,79.99756,140,3
05/23/22,03:09:44,0,1.279,79.99756,140,3
05/23/22,03:09:45,0,1.279,79.99756,140,3
05/23/22,03:09:46,0,1.279,79.99756,140,3
05/23/22,03:09:47,0,1.279,79.99756,140,3
05/23/22,03:09:48,0,1.279,79.99756,140,3
05/23/22,03:09:49,0,1.279,79.99756,140,3
05/23/22,03:09:50,0,1.279,79.99756,140,3
05/23/22,03:09:51,0,1.279,79.99756,140,3
05/23/22,03:09:52,0,1.278,79.99756,140,3
05/23/22,03:09:53,0,1.278,79.99756,140,3
05/23/22,03:09:54,0,1.279,79.99756,140,3
05/23/22,03:09:55,0,1.279,79.99756,140,3
05/23/22,03:09:56,0,1.278,79.99756,140,3
05/23/22,03:09:57,0,1.279,79.99756,140,3
05/23/22,03:09:58,0,1.279,79.99756,140,3
05/23/22,03:09:59,0,1.279,79.99756,140,3
05/23/22,03:10:00,0,1.279,79.99756,140,3
05/23/22,03:10:01,0,1.279,79.99756,140,3
05/23/22,03:10:02,0,1.279,79.99756,140,3
05/23/22,03:10:03,0,1.279,79.99756,140,3
05/23/22,03:10:04,0,1.279,79.99756,140,3
05/23/22,03:10:05,0,1.279,79.99756,140,3
05/23/22,03:10:06,0,1.279,79.99756,140,3
05/23/22,03:10:07,0,1.279,79.99756,140,3
05/23/22,03:10:08,0,1.279,79.99756,140,3
05/23/22,03:10:09,0,1.279,79.99756,140,3
05/23/22,03:10:10,0,1.279,79.99756,140,3
05/23/22,03:10:11,0,1.279,79.99756,140,3
05/23/22,03:10:12,0,1.279,79.99756,140,3
05/23/22,03:10:13,0,1.279,79.99756,140,3
05/23/22,03:10:14,0,1.279,79.99756,140,3
05/23/22,03:10:15,0,1.278,79.99756,140,3
05/23/22,03:10:16,0,1.279,79.99756,140,3
05/23/22,03:10:17,0,1.279,79.99756,140,3
05/23/22,03:10:18,0,1.278,79.99756,140,3
05/23/22,03:10:19,0,1.279,79.99756,140,3
05/23/22,03:10:20,0,1.279,79.99756,140,3
05/23/22,03:10:21,0,1.279,79.99756,140,3
05/23/22,03:10:22,0,1.279,79.99756,140,3
05/23/22,03:10:23,0,1.279,79.99756,140,3
05/23/22,03:10:24,0,1.279,79.99756,140,3
05/23/22,03:10:25,0,1.279,79.99756,140,3
05/23/22,03:10:26,0,1.279,79.99756,140,3
05/23/22,03:10:27,0,1.279,79.99756,140,3
05/23/22,03:10:28,0,1.279,79.99756,140,3
05/23/22,03:10:29,0,1.279,79.99756,140,3
05/23/22,03:10:30,0,1.278,79.99756,140,3
05/23/22,03:10:31,0,1.279,79.99756,140,3
05/23/22,03:10:32,0,1.278,79.99756,140,3
05/23/22,03:10:33,0,1.279,79.99756,140,3
05/23/22,03:10:34,0,1.279,79.99756,140,3
05/23/22,03:10:35,0,1.279,79.99756,140,3
05/23/22,03:10:36,0,1.279,79.99756,140,3
05/23/22,03:10:37,0,1.279,79.99756,140,3
05/23/22,03:10:38,0,1.278,79.99756,140,3
05/23/22,03:10:39,0,1.279,79.99756,140,3
05/23/22,03:10:40,0,1.279,79.99756,140,3
05/23/22,03:10:41,0,1.278,100,140,3
05/23/22,03:10:42,0,1.279,100,140,3
05/23/22,03:10:43,0,1.278,100,140,3
05/23/22,03:10:44,0,1.27,100,140,3
05/23/22,03:10:45,0,1.262,100,140,3
05/23/22,03:10:46,0,1.255,100,140,3
05/23/22,03:10:47,0,1.248,100,140,3
05/23/22,03:10:48,0,1.242,100,140,3
05/23/22,03:10:49,0,1.237,100,140,3
05/23/22,03:10:50,0,1.232,100,140,3
05/23/22,03:10:51,0,1.227,100,140,3
05/23/22,03:10:52,0,1.224,100,140,3
05/23/22,03:10:53,0,1.22,100,140,3
05/23/22,03:10:54,0,1.216,100,140,3
05/23/22,03:10:55,0,1.213,100,140,3
05/23/22,03:10:56,0,1.21,100,140,3
05/23/22,03:10:57,0,1.207,100,140,3
05/23/22,03:10:58,0,1.204,100,140,3
05/23/22,03:10:59,0,1.202,100,140,3
05/23/22,03:11:00,0,1.2,100,140,3
05/23/22,03:11:01,0,1.198,100,140,3
05/23/22,03:11:02,0,1.197,100,140,3
05/23/22,03:11:03,0,1.195,100,140,3
05/23/22,03:11:04,0,1.193,100,140,3
05/23/22,03:11:05,0,1.192,100,140,3
05/23/22,03:11:06,0,1.191,100,140,3
05/23/22,03:11:07,0,1.189,100,140,3
05/23/22,03:11:08,0,1.188,100,140,3
05/23/22,03:11:09,0,1.187,100,140,3
05/23/22,03:11:10,0,1.187,100,140,3
05/23/22,03:11:11,0,1.186,100,140,3
05/23/22,03:11:12,0,1.185,100,140,3
05/23/22,03:11:13,0,1.184,100,140,3
05/23/22,03:11:14,0,1.183,100,140,3
05/23/22,03:11:15,0,1.183,100,140,3
05/23/22,03:11:16,0,1.182,100,140,3
05/23/22,03:11:17,0,1.182,100,140,3
05/23/22,03:11:18,0,1.181,100,140,3
05/23/22,03:11:19,0,1.18,100,140,3
05/23/22,03:11:20,0,1.18,100,140,3
05/23/22,03:11:21,0,1.179,100,140,3
05/23/22,03:11:22,0,1.179,100,140,3
05/23/22,03:11:23,0,1.178,100,140,3
05/23/22,03:11:24,0,1.178,100,140,3
05/23/22,03:11:25,0,1.178,100,140,3
05/23/22,03:11:26,0,1.177,100,140,3
05/23/22,03:11:27,0,1.177,100,140,3
05/23/22,03:11:28,0,1.176,100,140,3
05/23/22,03:11:29,0,1.176,100,140,3
05/23/22,03:11:30,0,1.176,100,140,3
05/23/22,03:11:31,0,1.176,100,140,3
05/23/22,03:11:32,0,1.176,100,140,3
05/23/22,03:11:33,0,1.175,100,140,3
05/23/22,03:11:34,0,1.175,100,140,3
05/23/22,03:11:35,0,1.175,100,140,3
05/23/22,03:11:36,0,1.174,100,140,3
05/23/22,03:11:37,0,1.174,100,140,3
05/23/22,03:11:38,0,1.174,100,140,3
05/23/22,03:11:39,0,1.174,100,140,3
05/23/22,03:11:40,0,1.173,100,140,3
05/23/22,03:11:41,0,1.173,100,140,3
05/23/22,03:11:42,0,1.173,100,140,3
05/23/22,03:11:43,0,1.173,100,140,3
05/23/22,03:11:44,0,1.173,100,140,3
05/23/22,03:11:45,0,1.173,100,140,3
05/23/22,03:11:46,0,1.172,100,140,3
05/23/22,03:11:47,0,1.172,100,140,3
05/23/22,03:11:48,0,1.172,100,140,3
05/23/22,03:11:49,0,1.172,100,140,3
05/23/22,03:11:50,0,1.172,100,140,3
05/23/22,03:11:51,0,1.172,100,140,3
05/23/22,03:11:52,0,1.172,100,140,3
05/23/22,03:11:53,0,1.172,100,140,3
05/23/22,03:11:54,0,1.171,100,140,3
05/23/22,03:11:55,0,1.172,100,140,3
05/23/22,03:11:56,0,1.171,100,140,3
05/23/22,03:11:57,0,1.171,100,140,3
05/23/22,03:11:58,0,1.171,100,140,3
05/23/22,03:11:59,0,1.172,100,140,3
05/23/22,03:12:00,0,1.171,100,140,3
05/23/22,03:12:01,0,1.171,100,140,3
05/23/22,03:12:02,0,1.171,100,140,3
05/23/22,03:12:03,0,1.171,100,140,3
05/23/22,03:12:04,0,1.171,100,140,3
05/23/22,03:12:05,0,1.171,100,140,3
05/23/22,03:12:06,0,1.171,100,140,3
05/23/22,03:12:07,0,1.171,100,140,3
05/23/22,03:12:08,0,1.171,100,140,3
05/23/22,03:12:09,0,1.171,100,140,3
05/23/22,03:12:10,0,1.171,100,140,3
05/23/22,03:12:11,0,1.171,100,140,3
05/23/22,03:12:12,0,1.171,100,140,3
05/23/22,03:12:13,0,1.17,100,140,3
05/23/22,03:12:14,0,1.171,100,140,3
05/23/22,03:12:15,0,1.171,100,140,3
05/23/22,03:12:16,0,1.171,100,140,3
05/23/22,03:12:17,0,1.17,100,140,3
05/23/22,03:12:18,0,1.17,100,140,3
05/23/22,03:12:19,0,1.171,100,140,3
05/23/22,03:12:20,0,1.17,100,140,3
05/23/22,03:12:21,0,1.171,100,140,3
05/23/22,03:12:22,0,1.171,100,140,3
05/23/22,03:12:23,0,1.17,100,140,3
05/23/22,03:12:24,0,1.17,100,140,3
05/23/22,03:12:25,0,1.17,100,140,3
05/23/22,03:12:26,0,1.17,100,140,3
05/23/22,03:12:27,0,1.169,100,140,3
05/23/22,03:12:28,0,1.17,100,140,3
05/23/22,03:12:29,0,1.17,100,140,3
05/23/22,03:12:30,0,1.17,100,140,3
05/23/22,03:12:31,0,1.169,100,140,3
05/23/22,03:12:32,0,1.169,100,140,3
05/23/22,03:12:33,0,1.17,100,140,3
05/23/22,03:12:34,0,1.17,100,140,3
05/23/22,03:12:35,0,1.169,100,140,3
05/23/22,03:12:36,0,1.169,100,140,3
05/23/22,03:12:37,0,1.169,100,140,3
05/23/22,03:12:38,0,1.169,100,140,3
05/23/22,03:12:39,0,1.169,100,140,3
05/23/22,03:12:40,0,1.169,100,140,3
05/23/22,03:12:41,0,1.169,100,140,3
05/23/22,03:12:42,0,1.17,100,140,3
05/23/22,03:12:43,0,1.17,100,140,3
05/23/22,03:12:44,0,1.169,100,140,3
05/23/22,03:12:45,0,1.17,100,140,3
05/23/22,03:12:46,0,1.169,100,140,3
05/23/22,03:12:47,0,1.17,100,140,3
05/23/22,03:12:48,0,1.17,100,140,3
05/23/22,03:12:49,0,1.17,100,140,3
05/23/22,03:12:50,0,1.169,100,140,3
05/23/22,03:12:51,0,1.169,100,140,3
05/23/22,03:12:52,0,1.169,100,140,3
05/23/22,03:12:53,0,1.169,100,140,3
05/23/22,03:12:54,0,1.169,100,140,3
05/23/22,03:12:55,0,1.169,100,140,3
05/23/22,03:12:56,0,1.169,100,140,3
05/23/22,03:12:57,0,1.169,100,140,3
05/23/22,03:12:58,0,1.169,100,140,3
05/23/22,03:12:59,0,1.17,100,140,3
05/23/22,03:13:00,0,1.17,100,140,3
05/23/22,03:13:01,0,1.169,100,140,3
05/23/22,03:13:02,0,1.17,100,140,3
05/23/22,03:13:03,0,1.17,100,140,3
05/23/22,03:13:04,0,1.17,100,140,3
05/23/22,03:13:05,0,1.17,100,140,3
05/23/22,03:13:06,0,1.17,100,140,3
05/23/22,03:13:07,0,1.17,100,140,3
05/23/22,03:13:08,0,1.17,100,140,3
05/23/22,03:13:09,0,1.17,100,140,3
05/23/22,03:13:10,0,1.17,100,140,3
05/23/22,03:13:11,0,1.17,100,140,3
05/23/22,03:13:12,0,1.169,100,140,3
05/23/22,03:13:13,0,1.17,100,140,3
05/23/22,03:13:14,0,1.17,100,140,3
05/23/22,03:13:15,0,1.17,100,140,3
05/23/22,03:13:16,0,1.17,100,140,3
05/23/22,03:13:17,0,1.17,100,140,3
05/23/22,03:13:18,0,1.17,100,140,3
05/23/22,03:13:19,0,1.17,100,140,3
05/23/22,03:13:20,0,1.17,100,140,3
05/23/22,03:13:21,0,1.17,100,140,3
05/23/22,03:13:22,0,1.17,100,140,3
05/23/22,03:13:23,0,1.17,100,140,3
05/23/22,03:13:24,0,1.17,100,140,3
05/23/22,03:13:25,0,1.17,100,140,3
05/23/22,03:13:26,0,1.169,100,140,3
05/23/22,03:13:27,0,1.17,100,140,3
05/23/22,03:13:28,0,1.17,100,140,3
05/23/22,03:13:29,0,1.17,100,140,3
05/23/22,03:13:30,0,1.17,100,140,3
05/23/22,03:13:31,0,1.17,100,140,3
05/23/22,03:13:32,0,1.17,100,140,3
05/23/22,03:13:33,0,1.17,100,140,3
05/23/22,03:13:34,0,1.17,100,140,3
05/23/22,03:13:35,0,1.17,100,140,3
05/23/22,03:13:36,0,1.17,100,140,3
05/23/22,03:13:37,0,1.17,100,140,3
05/23/22,03:13:38,0,1.17,100,140,3
05/23/22,03:13:39,0,1.171,100,140,3
05/23/22,03:13:40,0,1.17,100,140,3
05/23/22,03:13:41,0,1.17,100,140,3
05/23/22,03:13:42,0,1.17,100,140,3
05/23/22,03:13:43,0,1.17,100,140,3
05/23/22,03:13:44,0,1.17,100,140,3
05/23/22,03:13:45,0,1.169,100,140,3
05/23/22,03:13:46,0,1.17,100,140,3
05/23/22,03:13:47,0,1.17,100,140,3
05/23/22,03:13:48,0,1.17,100,140,3
05/23/22,03:13:49,0,1.17,100,140,3
05/23/22,03:13:50,0,1.17,100,140,3
05/23/22,03:13:51,0,1.17,100,140,3
05/23/22,03:13:52,0,1.17,100,140,3
05/23/22,03:13:53,0,1.17,100,140,3
05/23/22,03:13:54,0,1.17,100,140,3
05/23/22,03:13:55,0,1.17,100,140,3
05/23/22,03:13:56,0,1.17,100,140,3
05/23/22,03:13:57,0,1.17,100,140,3
05/23/22,03:13:58,0,1.169,100,140,3
05/23/22,03:13:59,0,1.17,100,140,3
05/23/22,03:14:00,0,1.17,100,140,3
05/23/22,03:14:01,0,1.17,100,140,3
05/23/22,03:14:02,0,1.17,100,140,3
05/23/22,03:14:03,0,1.17,100,140,3
05/23/22,03:14:04,0,1.17,100,140,3
05/23/22,03:14:05,0,1.17,100,140,3
05/23/22,03:14:06,0,1.169,100,140,3
05/23/22,03:14:07,0,1.17,100,140,3
05/23/22,03:14:08,0,1.17,100,140,3
05/23/22,03:14:09,0,1.17,100,140,3
05/23/22,03:14:10,0,1.17,100,140,3
05/23/22,03:14:11,0,1.17,100,140,3
05/23/22,03:14:12,0,1.17,100,140,3
05/23/22,03:14:13,0,1.17,100,140,3
05/23/22,03:14:14,0,1.17,100,140,3
05/23/22,03:14:15,0,1.17,100,140,3
05/23/22,03:14:16,0,1.17,100,140,3
05/23/22,03:14:17,0,1.17,100,140,3
05/23/22,03:14:18,0,1.17,100,140,3
05/23/22,03:14:19,0,1.17,100,140,3
05/23/22,03:14:20,0,1.17,100,140,3
05/23/22,03:14:21,0,1.17,100,140,3
05/23/22,03:14:22,0,1.17,100,140,3
05/23/22,03:14:23,0,1.17,100,140,3
05/23/22,03:14:24,0,1.17,100,140,3
05/23/22,03:14:25,0,1.17,100,140,3
05/23/22,03:14:26,0,1.17,100,140,3
05/23/22,03:14:27,0,1.17,100,140,3
05/23/22,03:14:28,0,1.17,100,140,3
05/23/22,03:14:29,0,1.17,100,140,3
05/23/22,03:14:30,0,1.17,100,140,3
05/23/22,03:14:31,0,1.17,100,140,3
05/23/22,03:14:32,0,1.17,100,140,3
05/23/22,03:14:33,0,1.17,100,140,3
05/23/22,03:14:34,0,1.17,100,140,3
05/23/22,03:14:35,0,1.17,100,140,3
05/23/22,03:14:36,0,1.17,100,140,3
05/23/22,03:14:37,0,1.17,100,140,3
05/23/22,03:14:38,0,1.17,100,140,3
05/23/22,03:14:39,0,1.17,100,140,3
05/23/22,03:14:40,0,1.17,100,140,3
05/23/22,03:14:41,0,1.17,100,140,3
05/23/22,03:14:42,0,1.17,100,140,3
05/23/22,03:14:43,0,1.17,100,140,3
05/23/22,03:14:44,0,1.17,100,140,3
05/23/22,03:14:45,0,1.17,100,140,3
05/23/22,03:14:46,0,1.17,100,140,3
05/23/22,03:14:47,0,1.17,100,140,3
05/23/22,03:14:48,0,1.17,100,140,3
05/23/22,03:14:49,0,1.17,100,140,3
05/23/22,03:14:50,0,1.17,100,140,3
05/23/22,03:14:51,0,1.17,100,140,3
05/23/22,03:14:52,0,1.17,100,140,3
05/23/22,03:14:53,0,1.17,100,140,3
05/23/22,03:14:54,0,1.17,100,140,3
05/23/22,03:14:55,0,1.171,100,140,3
05/23/22,03:14:56,0,1.171,100,140,3
05/23/22,03:14:57,0,1.17,100,140,3
05/23/22,03:14:58,0,1.17,100,140,3
05/23/22,03:14:59,0,1.17,100,140,3
05/23/22,03:15:00,0,1.17,100,140,3
05/23/22,03:15:01,0,1.17,100,140,3
05/23/22,03:15:02,0,1.17,100,140,3
05/23/22,03:15:03,0,1.17,100,140,3
05/23/22,03:15:04,0,1.17,100,140,3
05/23/22,03:15:05,0,1.17,100,140,3
05/23/22,03:15:06,0,1.17,100,140,3
05/23/22,03:15:07,0,1.17,100,140,3
05/23/22,03:15:08,0,1.17,100,140,3
05/23/22,03:15:09,0,1.17,100,140,3
05/23/22,03:15:10,0,1.171,100,140,3
05/23/22,03:15:11,0,1.17,100,140,3
05/23/22,03:15:12,0,1.17,100,140,3
05/23/22,03:15:13,0,1.171,100,140,3
05/23/22,03:15:14,0,1.17,100,140,3
05/23/22,03:15:15,0,1.17,100,140,3
05/23/22,03:15:16,0,1.17,100,140,3
05/23/22,03:15:17,0,1.17,100,140,3
05/23/22,03:15:18,0,1.17,100,140,3
05/23/22,03:15:19,0,1.171,100,140,3
05/23/22,03:15:20,0,1.171,100,140,3
05/23/22,03:15:21,0,1.171,100,140,3
05/23/22,03:15:22,0,1.171,100,140,3
05/23/22,03:15:23,0,1.171,100,140,3
05/23/22,03:15:24,0,1.171,100,140,3
05/23/22,03:15:25,0,1.171,100,140,3
05/23/22,03:15:26,0,1.171,100,140,3
05/23/22,03:15:27,0,1.171,100,140,3
05/23/22,03:15:28,0,1.171,100,140,3
05/23/22,03:15:29,0,1.171,100,140,3
05/23/22,03:15:30,0,1.171,100,140,3
05/23/22,03:15:31,0,1.171,100,140,3
05/23/22,03:15:32,0,1.171,100,140,3
05/23/22,03:15:33,0,1.171,100,140,3
05/23/22,03:15:34,0,1.171,100,140,3
05/23/22,03:15:35,0,1.171,100,140,3
05/23/22,03:15:36,0,1.171,100,140,3
05/23/22,03:15:37,0,1.172,100,140,3
05/23/22,03:15:38,0,1.171,100,140,3
05/23/22,03:15:39,0,1.171,100,140,3
05/23/22,03:15:40,0,1.171,9.998169,140,3
05/23/22,03:15:41,0,1.171,9.998169,140,3
05/23/22,03:15:42,0,1.178,9.998169,140,3
05/23/22,03:15:43,0,1.228,9.998169,140,3
05/23/22,03:15:44,0,1.274,9.998169,140,3
05/23/22,03:15:45,0,1.319,9.998169,140,3
05/23/22,03:15:46,0,1.361,9.998169,140,3
05/23/22,03:15:47,0,1.4,9.998169,140,3
05/23/22,03:15:48,0,1.438,9.998169,140,3
05/23/22,03:15:49,0,1.474,9.998169,140,3
05/23/22,03:15:50,0,1.507,9.998169,140,3
05/23/22,03:15:51,0,1.538,9.998169,140,3
05/23/22,03:15:52,0,1.566,9.998169,140,3
05/23/22,03:15:53,0,1.594,9.998169,140,3
05/23/22,03:15:54,0,1.62,9.998169,140,3
05/23/22,03:15:55,0,1.643,9.998169,140,3
05/23/22,03:15:56,0,1.667,9.998169,140,3
05/23/22,03:15:57,0,1.689,9.998169,140,3
05/23/22,03:15:58,0,1.71,9.998169,140,3
05/23/22,03:15:59,0,1.73,9.998169,140,3
05/23/22,03:16:00,0,1.749,9.998169,140,3
05/23/22,03:16:01,0,1.765,9.998169,140,3
05/23/22,03:16:02,0,1.782,9.998169,140,3
05/23/22,03:16:03,0,1.797,9.998169,140,3
05/23/22,03:16:04,0,1.812,9.998169,140,3
05/23/22,03:16:05,0,1.827,9.998169,140,3
05/23/22,03:16:06,0,1.84,9.998169,140,3
05/23/22,03:16:07,0,1.853,9.998169,140,3
05/23/22,03:16:08,0,1.865,9.998169,140,3
05/23/22,03:16:09,0,1.878,9.998169,140,3
05/23/22,03:16:10,0,1.888,9.998169,140,3
05/23/22,03:16:11,0,1.9,9.998169,140,3
05/23/22,03:16:12,0,1.91,9.998169,140,3
05/23/22,03:16:13,0,1.92,9.998169,140,3
05/23/22,03:16:14,0,1.929,9.998169,140,3
05/23/22,03:16:15,0,1.938,9.998169,140,3
05/23/22,03:16:16,0,1.946,9.998169,140,3
05/23/22,03:16:17,0,1.955,9.998169,140,3
05/23/22,03:16:18,0,1.962,9.998169,140,3
05/23/22,03:16:19,0,1.969,9.998169,140,3
05/23/22,03:16:20,0,1.977,9.998169,140,3
05/23/22,03:16:21,0,1.984,9.998169,140,3
05/23/22,03:16:22,0,1.99,9.998169,140,3
05/23/22,03:16:23,0,1.996,9.998169,140,3
05/23/22,03:16:24,0,2.002,9.998169,140,3
05/23/22,03:16:25,0,2.008,9.998169,140,3
05/23/22,03:16:26,0,2.013,9.998169,140,3
05/23/22,03:16:27,0,2.019,9.998169,140,3
05/23/22,03:16:28,0,2.023,9.998169,140,3
05/23/22,03:16:29,0,2.028,9.998169,140,3
05/23/22,03:16:30,0,2.033,9.998169,140,3
05/23/22,03:16:31,0,2.037,9.998169,140,3
05/23/22,03:16:32,0,2.041,9.998169,140,3
05/23/22,03:16:33,0,2.045,9.998169,140,3
05/23/22,03:16:34,0,2.049,9.998169,140,3
05/23/22,03:16:35,0,2.053,9.998169,140,3
05/23/22,03:16:36,0,2.056,9.998169,140,3
05/23/22,03:16:37,0,2.06,9.998169,140,3
05/23/22,03:16:38,0,2.063,9.998169,140,3
05/23/22,03:16:39,0,2.065,9.998169,140,3
05/23/22,03:16:40,0,2.069,9.998169,140,3
05/23/22,03:16:41,0,2.072,9.998169,140,3
05/23/22,03:16:42,0,2.075,9.998169,140,3
05/23/22,03:16:43,0,2.077,9.998169,140,3
05/23/22,03:16:44,0,2.08,9.998169,140,3
05/23/22,03:16:45,0,2.082,9.998169,140,3
05/23/22,03:16:46,0,2.085,9.998169,140,3
05/23/22,03:16:47,0,2.087,9.998169,140,3
05/23/22,03:16:48,0,2.089,9.998169,140,3
05/23/22,03:16:49,0,2.091,9.998169,140,3
05/23/22,03:16:50,0,2.092,9.998169,140,3
05/23/22,03:16:51,0,2.095,9.998169,140,3
05/23/22,03:16:52,0,2.097,9.998169,140,3
05/23/22,03:16:53,0,2.098,9.998169,140,3
05/23/22,03:16:54,0,2.101,9.998169,140,3
05/23/22,03:16:55,0,2.102,9.998169,140,3
05/23/22,03:16:56,0,2.103,9.998169,140,3
05/23/22,03:16:57,0,2.105,9.998169,140,3
05/23/22,03:16:58,0,2.107,9.998169,140,3
05/23/22,03:16:59,0,2.108,9.998169,140,3
05/23/22,03:17:00,0,2.109,9.998169,140,3
05/23/22,03:17:01,0,2.111,9.998169,140,3
05/23/22,03:17:02,0,2.112,9.998169,140,3
05/23/22,03:17:03,0,2.114,9.998169,140,3
05/23/22,03:17:04,0,2.115,9.998169,140,3
05/23/22,03:17:05,0,2.116,9.998169,140,3
05/23/22,03:17:06,0,2.118,9.998169,140,3
05/23/22,03:17:07,0,2.119,9.998169,140,3
05/23/22,03:17:08,0,2.119,9.998169,140,3
05/23/22,03:17:09,0,2.121,9.998169,140,3
05/23/22,03:17:10,0,2.121,9.998169,140,3
05/23/22,03:17:11,0,2.123,9.998169,140,3
05/23/22,03:17:12,0,2.124,9.998169,140,3
05/23/22,03:17:13,0,2.125,9.998169,140,3
05/23/22,03:17:14,0,2.126,9.998169,140,3
05/23/22,03:17:15,0,2.126,9.998169,140,3
05/23/22,03:17:16,0,2.127,9.998169,140,3
05/23/22,03:17:17,0,2.128,9.998169,140,3
05/23/22,03:17:18,0,2.129,9.998169,140,3
05/23/22,03:17:19,0,2.13,9.998169,140,3
05/23/22,03:17:20,0,2.131,9.998169,140,3
05/23/22,03:17:21,0,2.131,9.998169,140,3
05/23/22,03:17:22,0,2.132,9.998169,140,3
05/23/22,03:17:23,0,2.133,9.998169,140,3
05/23/22,03:17:24,0,2.133,9.998169,140,3
05/23/22,03:17:25,0,2.134,9.998169,140,3
05/23/22,03:17:26,0,2.135,9.998169,140,3
05/23/22,03:17:27,0,2.136,9.998169,140,3
05/23/22,03:17:28,0,2.136,9.998169,140,3
05/23/22,03:17:29,0,2.137,9.998169,140,3
05/23/22,03:17:30,0,2.137,9.998169,140,3
05/23/22,03:17:31,0,2.138,9.998169,140,3
05/23/22,03:17:32,0,2.139,9.998169,140,3
05/23/22,03:17:33,0,2.139,9.998169,140,3
05/23/22,03:17:34,0,2.14,9.998169,140,3
05/23/22,03:17:35,0,2.141,9.998169,140,3
05/23/22,03:17:36,0,2.141,9.998169,140,3
05/23/22,03:17:37,0,2.141,9.998169,140,3
05/23/22,03:17:38,0,2.141,9.998169,140,3
05/23/22,03:17:39,0,2.142,9.998169,140,3
05/23/22,03:17:40,0,2.142,9.998169,140,3
05/23/22,03:17:41,0,2.143,9.998169,140,3
05/23/22,03:17:42,0,2.143,9.998169,140,3
05/23/22,03:17:43,0,2.144,9.998169,140,3
05/23/22,03:17:44,0,2.144,9.998169,140,3
05/23/22,03:17:45,0,2.144,9.998169,140,3
05/23/22,03:17:46,0,2.144,9.998169,140,3
05/23/22,03:17:47,0,2.144,9.998169,140,3
05/23/22,03:17:48,0,2.145,9.998169,140,3
05/23/22,03:17:49,0,2.145,9.998169,140,3
05/23/22,03:17:50,0,2.145,9.998169,140,3
05/23/22,03:17:51,0,2.145,9.998169,140,3
05/23/22,03:17:52,0,2.145,9.998169,140,3
05/23/22,03:17:53,0,2.145,9.998169,140,3
05/23/22,03:17:54,0,2.145,9.998169,140,3
05/23/22,03:17:55,0,2.145,9.998169,140,3
05/23/22,03:17:56,0,2.145,9.998169,140,3
05/23/22,03:17:57,0,2.145,9.998169,140,3
05/23/22,03:17:58,0,2.145,9.998169,140,3
05/23/22,03:17:59,0,2.146,9.998169,140,3
05/23/22,03:18:00,0,2.146,9.998169,140,3
05/23/22,03:18:01,0,2.146,9.998169,140,3
05/23/22,03:18:02,0,2.146,9.998169,140,3
05/23/22,03:18:03,0,2.146,9.998169,140,3
05/23/22,03:18:04,0,2.146,9.998169,140,3
05/23/22,03:18:05,0,2.146,9.998169,140,3
05/23/22,03:18:06,0,2.146,9.998169,140,3
05/23/22,03:18:07,0,2.146,9.998169,140,3
05/23/22,03:18:08,0,2.146,9.998169,140,3
05/23/22,03:18:09,0,2.146,9.998169,140,3
05/23/22,03:18:10,0,2.146,9.998169,140,3
05/23/22,03:18:11,0,2.146,9.998169,140,3
05/23/22,03:18:12,0,2.146,9.998169,140,3
05/23/22,03:18:13,0,2.146,9.998169,140,3
05/23/22,03:18:14,0,2.146,9.998169,140,3
05/23/22,03:18:15,0,2.146,9.998169,140,3
05/23/22,03:18:16,0,2.145,9.998169,140,3
05/23/22,03:18:17,0,2.145,9.998169,140,3
05/23/22,03:18:18,0,2.145,9.998169,140,3
05/23/22,03:18:19,0,2.145,9.998169,140,3
05/23/22,03:18:20,0,2.145,9.998169,140,3
05/23/22,03:18:21,0,2.145,9.998169,140,3
05/23/22,03:18:22,0,2.145,9.998169,140,3
05/23/22,03:18:23,0,2.145,9.998169,140,3
05/23/22,03:18:24,0,2.145,9.998169,140,3
05/23/22,03:18:25,0,2.144,9.998169,140,3
05/23/22,03:18:26,0,2.144,9.998169,140,3
05/23/22,03:18:27,0,2.144,9.998169,140,3
05/23/22,03:18:28,0,2.143,9.998169,140,3
05/23/22,03:18:29,0,2.143,9.998169,140,3
05/23/22,03:18:30,0,2.143,9.998169,140,3
05/23/22,03:18:31,0,2.143,9.998169,140,3
05/23/22,03:18:32,0,2.143,9.998169,140,3
05/23/22,03:18:33,0,2.142,9.998169,140,3
05/23/22,03:18:34,0,2.142,9.998169,140,3
05/23/22,03:18:35,0,2.142,9.998169,140,3
05/23/22,03:18:36,0,2.142,9.998169,140,3
05/23/22,03:18:37,0,2.141,9.998169,140,3
05/23/22,03:18:38,0,2.141,9.998169,140,3
05/23/22,03:18:39,0,2.141,9.998169,140,3
05/23/22,03:18:40,0,2.141,9.998169,140,3
05/23/22,03:18:41,0,2.141,9.998169,140,3
05/23/22,03:18:42,0,2.141,9.998169,140,3
05/23/22,03:18:43,0,2.14,9.998169,140,3
05/23/22,03:18:44,0,2.141,9.998169,140,3
05/23/22,03:18:45,0,2.14,9.998169,140,3
05/23/22,03:18:46,0,2.139,9.998169,140,3
05/23/22,03:18:47,0,2.139,9.998169,140,3
05/23/22,03:18:48,0,2.139,9.998169,140,3
05/23/22,03:18:49,0,2.139,9.998169,140,3
05/23/22,03:18:50,0,2.139,9.998169,140,3
05/23/22,03:18:51,0,2.138,9.998169,140,3
05/23/22,03:18:52,0,2.138,9.998169,140,3
05/23/22,03:18:53,0,2.138,9.998169,140,3
05/23/22,03:18:54,0,2.138,9.998169,140,3
05/23/22,03:18:55,0,2.137,9.998169,140,3
05/23/22,03:18:56,0,2.137,9.998169,140,3
05/23/22,03:18:57,0,2.137,9.998169,140,3
05/23/22,03:18:58,0,2.137,9.998169,140,3
05/23/22,03:18:59,0,2.137,9.998169,140,3
05/23/22,03:19:00,0,2.137,9.998169,140,3
05/23/22,03:19:01,0,2.137,9.998169,140,3
05/23/22,03:19:02,0,2.136,9.998169,140,3
05/23/22,03:19:03,0,2.136,9.998169,140,3
05/23/22,03:19:04,0,2.136,9.998169,140,3
05/23/22,03:19:05,0,2.136,9.998169,140,3
05/23/22,03:19:06,0,2.136,9.998169,140,3
05/23/22,03:19:07,0,2.135,9.998169,140,3
05/23/22,03:19:08,0,2.136,9.998169,140,3
05/23/22,03:19:09,0,2.135,9.998169,140,3
05/23/22,03:19:10,0,2.135,9.998169,140,3
05/23/22,03:19:11,0,2.135,9.998169,140,3
05/23/22,03:19:12,0,2.135,9.998169,140,3
05/23/22,03:19:13,0,2.135,9.998169,140,3
05/23/22,03:19:14,0,2.134,9.998169,140,3
05/23/22,03:19:15,0,2.134,9.998169,140,3
05/23/22,03:19:16,0,2.134,9.998169,140,3
05/23/22,03:19:17,0,2.134,9.998169,140,3
05/23/22,03:19:18,0,2.134,9.998169,140,3
05/23/22,03:19:19,0,2.134,9.998169,140,3
05/23/22,03:19:20,0,2.133,9.998169,140,3
05/23/22,03:19:21,0,2.133,9.998169,140,3
05/23/22,03:19:22,0,2.133,9.998169,140,3
05/23/22,03:19:23,0,2.133,9.998169,140,3
05/23/22,03:19:24,0,2.133,9.998169,140,3
05/23/22,03:19:25,0,2.133,9.998169,140,3
05/23/22,03:19:26,0,2.133,9.998169,140,3
05/23/22,03:19:27,0,2.132,9.998169,140,3
05/23/22,03:19:28,0,2.132,9.998169,140,3
05/23/22,03:19:29,0,2.132,9.998169,140,3
05/23/22,03:19:30,0,2.132,9.998169,140,3
05/23/22,03:19:31,0,2.132,9.998169,140,3
05/23/22,03:19:32,0,2.131,9.998169,140,3
05/23/22,03:19:33,0,2.131,9.998169,140,3
05/23/22,03:19:34,0,2.131,9.998169,140,3
05/23/22,03:19:35,0,2.131,9.998169,140,3
05/23/22,03:19:36,0,2.131,9.998169,140,3
05/23/22,03:19:37,0,2.131,9.998169,140,3
05/23/22,03:19:38,0,2.13,9.998169,140,3
05/23/22,03:19:39,0,2.13,9.998169,140,3
05/23/22,03:19:40,0,2.13,9.998169,140,3
05/23/22,03:19:41,0,2.13,9.998169,140,3
05/23/22,03:19:42,0,2.13,9.998169,140,3
05/23/22,03:19:43,0,2.13,9.998169,140,3
05/23/22,03:19:44,0,2.13,9.998169,140,3
05/23/22,03:19:45,0,2.13,9.998169,140,3
05/23/22,03:19:46,0,2.13,9.998169,140,3
05/23/22,03:19:47,0,2.13,9.998169,140,3
05/23/22,03:19:48,0,2.13,9.998169,140,3
05/23/22,03:19:49,0,2.13,9.998169,140,3
05/23/22,03:19:50,0,2.13,9.998169,140,3
05/23/22,03:19:51,0,2.13,9.998169,140,3
05/23/22,03:19:52,0,2.13,9.998169,140,3
05/23/22,03:19:53,0,2.13,9.998169,140,3
05/23/22,03:19:54,,,,,
05/23/22,03:19:55,,,,,
05/23/22,03:19:56,,,,,
05/23/22,03:19:57,,,,,
05/23/22,03:19:58,,,,,
05/23/22,03:19:59,,,,,
05/23/22,03:20:00,,,,,
05/23/22,03:20:01,,,,,
05/23/22,03:20:02,,,,,
05/23/22,03:20:03,,,,,
05/23/22,03:20:04,,,,,
05/23/22,03:20:05,,,,,
05/23/22,03:20:06,,,,,
05/23/22,03:20:07,,,,,
05/23/22,03:20:08,,,,,
05/23/22,03:20:09,,,,,
05/23/22,03:20:10,,,,,
05/23/22,03:20:11,,,,,
05/23/22,03:20:12,,,,,
05/23/22,03:20:13,,,,,
05/23/22,03:20:14,,,,,
05/23/22,03:20:15,,,,,
05/23/22,03:20:16,,,,,
05/23/22,03:20:17,,,,,
05/23/22,03:20:18,,,,,
05/23/22,03:20:19,,,,,
05/23/22,03:20:20,,,,,
05/23/22,03:20:21,,,,,
05/23/22,03:20:22,,,,,
05/23/22,03:20:23,,,,,
05/23/22,03:20:24,,,,,
05/23/22,03:20:25,,,,,
05/23/22,03:20:26,,,,,
05/23/22,03:20:27,,,,,
05/23/22,03:20:28,,,,,
05/23/22,03:20:29,,,,,
05/23/22,03:20:30,,,,,
05/23/22,03:20:31,,,,,
05/23/22,03:20:32,,,,,
05/23/22,03:20:33,,,,,
05/23/22,03:20:34,,,,,
05/23/22,03:20:35,,,,,
05/23/22,03:20:36,,,,,
05/23/22,03:20:37,,,,,
05/23/22,03:20:38,,,,,
05/23/22,03:20:39,,,,,
05/23/22,03:20:40,,,,,
05/23/22,03:20:41,,,,,
05/23/22,03:20:42,,,,,
05/23/22,03:20:43,,,,,
05/23/22,03:20:44,,,,,
05/23/22,03:20:45,,,,,
05/23/22,03:20:46,,,,,
05/23/22,03:20:47,,,,,
05/23/22,03:20:48,,,,,
05/23/22,03:20:49,,,,,
05/23/22,03:20:50,,,,,
05/23/22,03:20:51,,,,,
05/23/22,03:20:52,,,,,
05/23/22,03:20:53,,,,,
05/23/22,03:20:54,,,,,
05/23/22,03:20:55,,,,,
05/23/22,03:20:56,,,,,
05/23/22,03:20:57,,,,,
05/23/22,03:20:58,,,,,
05/23/22,03:20:59,,,,,
05/23/22,03:21:00,,,,,
05/23/22,03:21:01,,,,,
05/23/22,03:21:02,,,,,
05/23/22,03:21:03,,,,,
05/23/22,03:21:04,,,,,
05/23/22,03:21:05,,,,,
05/23/22,03:21:06,,,,,
05/23/22,03:21:07,,,,,
05/23/22,03:21:08,,,,,
05/23/22,03:21:09,,,,,
05/23/22,03:21:10,,,,,
05/23/22,03:21:11,,,,,
05/23/22,03:21:12,,,,,
05/23/22,03:21:13,,,,,
05/23/22,03:21:14,,,,,
05/23/22,03:21:15,,,,,
05/23/22,03:21:16,,,,,
05/23/22,03:21:17,,,,,
05/23/22,03:21:18,,,,,
05/23/22,03:21:19,,,,,
05/23/22,03:21:20,,,,,
05/23/22,03:21:21,,,,,
05/23/22,03:21:22,,,,,
05/23/22,03:21:23,,,,,
05/23/22,03:21:24,,,,,
05/23/22,03:21:25,,,,,
05/23/22,03:21:26,,,,,
05/23/22,03:21:27,,,,,
05/23/22,03:21:28,,,,,
05/23/22,03:21:29,,,,,
05/23/22,03:21:30,,,,,
05/23/22,03:21:31,,,,,
05/23/22,03:21:32,,,,,
05/23/22,03:21:33,,,,,
05/23/22,03:21:34,,,,,
05/23/22,03:21:35,,,,,
05/23/22,03:21:36,,,,,
05/23/22,03:21:37,,,,,
05/23/22,03:21:38,,,,,
05/23/22,03:21:39,,,,,
05/23/22,03:21:40,,,,,
05/23/22,03:21:41,,,,,
05/23/22,03:21:42,,,,,
05/23/22,03:21:43,,,,,
05/23/22,03:21:44,,,,,
05/23/22,03:21:45,,,,,
05/23/22,03:21:46,,,,,
05/23/22,03:21:47,,,,,
05/23/22,03:21:48,,,,,
05/23/22,03:21:49,,,,,
05/23/22,03:21:50,,,,,
05/23/22,03:21:51,,,,,
05/23/22,03:21:52,,,,,
05/23/22,03:21:53,,,,,
05/23/22,03:21:54,,,,,
05/23/22,03:21:55,,,,,
05/23/22,03:21:56,,,,,
05/23/22,03:21:57,,,,,
05/23/22,03:21:58,,,,,
05/23/22,03:21:59,,,,,
05/23/22,03:22:00,,,,,
05/23/22,03:22:01,,,,,
05/23/22,03:22:02,,,,,
05/23/22,03:22:03,,,,,
05/23/22,03:22:04,,,,,
05/23/22,03:22:05,,,,,
05/23/22,03:22:06,,,,,
05/23/22,03:22:07,,,,,
05/23/22,03:22:08,,,,,
05/23/22,03:22:09,,,,,
05/23/22,03:22:10,,,,,
05/23/22,03:22:11,,,,,
05/23/22,03:22:12,,,,,
05/23/22,03:22:13,,,,,
05/23/22,03:22:14,,,,,
05/23/22,03:22:15,,,,,
05/23/22,03:22:16,,,,,
05/23/22,03:22:17,,,,,
05/23/22,03:22:18,,,,,
05/23/22,03:22:19,,,,,
05/23/22,03:22:20,,,,,
05/23/22,03:22:21,,,,,
05/23/22,03:22:22,,,,,
05/23/22,03:22:23,,,,,
05/23/22,03:22:24,,,,,
05/23/22,03:22:25,,,,,
05/23/22,03:22:26,,,,,
05/23/22,03:22:27,,,,,
05/23/22,03:22:28,,,,,
05/23/22,03:22:29,,,,,
05/23/22,03:22:30,,,,,
05/23/22,03:22:31,,,,,
05/23/22,03:22:32,,,,,
05/23/22,03:22:33,,,,,
05/23/22,03:22:34,,,,,
05/23/22,03:22:35,,,,,
05/23/22,03:22:36,,,,,
05/23/22,03:22:37,,,,,
05/23/22,03:22:38,,,,,
05/23/22,03:22:39,,,,,
05/23/22,03:22:40,,,,,
05/23/22,03:22:41,,,,,
05/23/22,03:22:42,,,,,
05/23/22,03:22:43,,,,,
05/23/22,03:22:44,,,,,
05/23/22,03:22:45,,,,,
05/23/22,03:22:46,,,,,
05/23/22,03:22:47,,,,,
05/23/22,03:22:48,,,,,
05/23/22,03:22:49,,,,,
05/23/22,03:22:50,,,,,
05/23/22,03:22:51,,,,,
05/23/22,03:22:52,,,,,
05/23/22,03:22:53,,,,,
05/23/22,03:22:54,,,,,
05/23/22,03:22:55,,,,,
05/23/22,03:22:56,,,,,
05/23/22,03:22:57,,,,,
05/23/22,03:22:58,,,,,
05/23/22,03:22:59,,,,,
05/23/22,03:23:00,,,,,
05/23/22,03:23:01,,,,,
05/23/22,03:23:02,,,,,
05/23/22,03:23:03,,,,,
05/23/22,03:23:04,,,,,
05/23/22,03:23:05,,,,,
05/23/22,03:23:06,,,,,
05/23/22,03:23:07,,,,,
05/23/22,03:23:08,,,,,
05/23/22,03:23:09,,,,,
05/23/22,03:23:10,,,,,
05/23/22,03:23:11,,,,,
05/23/22,03:23:12,,,,,
05/23/22,03:23:13,,,,,
05/23/22,03:23:14,,,,,
05/23/22,03:23:15,,,,,
05/23/22,03:23:16,,,,,
05/23/22,03:23:17,,,,,
05/23/22,03:23:18,,,,,
05/23/22,03:23:19,,,,,
05/23/22,03:23:20,,,,,
05/23/22,03:23:21,,,,,
05/23/22,03:23:22,,,,,
05/23/22,03:23:23,,,,,
05/23/22,03:23:24,,,,,
05/23/22,03:23:25,,,,,
05/23/22,03:23:26,,,,,
05/23/22,03:23:27,,,,,
05/23/22,03:23:28,,,,,
05/23/22,03:23:29,,,,,
05/23/22,03:23:30,,,,,
05/23/22,03:23:31,,,,,
05/23/22,03:23:32,,,,,
05/23/22,03:23:33,,,,,
05/23/22,03:23:34,,,,,
05/23/22,03:23:35,,,,,
05/23/22,03:23:36,,,,,
05/23/22,03:23:37,,,,,
05/23/22,03:23:38,,,,,
05/23/22,03:23:39,,,,,
05/23/22,03:23:40,,,,,
05/23/22,03:23:41,,,,,
